Cell Line,Copy Number,mRNA Expression (Affy),mRNA Expression (RNAseq)
DMS53_LUNG,0.1728,7.482898,2.48979713496315
SW1116_LARGE_INTESTINE,0.191,8.154946,2.8685655239496
NCIH1694_LUNG,-0.2372,7.993083,2.82147524473379
P3HR1_HAEMATOPOIETIC_AND_LYMPHOID_TISSUE,-0.0129,9.963575,4.657019085648611
HUT78_HAEMATOPOIETIC_AND_LYMPHOID_TISSUE,-1.1013,8.741163,2.7523595131699703
UMUC3_URINARY_TRACT,-2.1283,4.753898,-4.59646884379888
HOS_BONE,-0.0843,8.210650999999999,2.45362871387594
HUNS1_HAEMATOPOIETIC_AND_LYMPHOID_TISSUE,0.0113,9.107033,3.20570526615692
AML193_HAEMATOPOIETIC_AND_LYMPHOID_TISSUE,-0.1146,10.46051,4.5812853008753205
RVH421_SKIN,-2.1369,6.621884,1.31708782220635
NCIH1184_LUNG,-0.306,7.707781,2.15463642600232
HCC2157_BREAST,-0.3224,4.806045,-3.23805581931825
TC71_BONE,0.0647,8.143514999999999,2.12677031577539
NCIH2227_LUNG,-0.2998,7.692205,2.48628658246948
SNU449_LIVER,0.243,8.067033,2.61561661664982
NCIH28_PLEURA,0.1152,7.529439,1.9812070906425905
OV56_OVARY,0.1022,8.317734,3.53788642183254
JHOS4_OVARY,0.7071,9.367889,3.53322265996471
KYSE450_OESOPHAGUS,-0.1814,7.957447,2.36854376122646
RMUGS_OVARY,-0.7136,7.530360000000001,1.88977260630453
KLE_ENDOMETRIUM,-0.3349,8.383344000000001,2.6252002629959303
HS895T_SKIN,0.0018,9.004068,3.593634123050589
LN229_CENTRAL_NERVOUS_SYSTEM,-0.2714,8.277431,2.96357496402136
P31FUJ_HAEMATOPOIETIC_AND_LYMPHOID_TISSUE,0.0222,8.723775999999999,3.67806902440036
RKN_SOFT_TISSUE,-0.1068,8.183892,2.3740305558349104
PATU8988S_PANCREAS,0.1343,8.399225,2.86785107870637
NH6_AUTONOMIC_GANGLIA,0.0202,9.127914,4.845944324678889
SF126_CENTRAL_NERVOUS_SYSTEM,0.054000000000000006,8.711382,3.0249228729538102
RERFLCAD2_LUNG,-0.3212,7.840802,2.01209628194444
OUMS23_LARGE_INTESTINE,-2.7289,4.261447,-4.37403726844502
SNGM_ENDOMETRIUM,-0.0091,6.806767999999999,1.20816945065633
NCIH2347_LUNG,-0.0889,8.871361,3.17256622312317
SW1990_PANCREAS,-0.268,9.029852,3.10320311291322
HS940T_SKIN,-0.0125,8.559515,2.9858781485645496
HS611T_HAEMATOPOIETIC_AND_LYMPHOID_TISSUE,-0.0395,10.29022,4.6137098923701
TOLEDO_HAEMATOPOIETIC_AND_LYMPHOID_TISSUE,-0.1078,9.56883,4.19840322403319
RERFGC1B_STOMACH,-0.294,8.296271,2.24854550481425
HT1080_SOFT_TISSUE,-0.0183,8.115785,2.28319039723951
NCIH2087_LUNG,0.149,8.200933000000001,2.31325520318413
COV318_OVARY,-0.3186,7.57856,2.1241902709091
NCIH2085_LUNG,-0.3155,7.665214999999999,1.99026820284422
NCIH510_LUNG,0.1517,7.624899,2.23638374241232
CAKI1_KIDNEY,0.3042,8.780372999999999,3.38257205003385
NCIH716_LARGE_INTESTINE,-0.3809,8.072367,2.65598812235876
NCIH2066_LUNG,-1.0492,6.575538000000001,1.4707088889966202
NCIH1341_LUNG,-0.794,8.464349,3.2245048847405
NCIH2029_LUNG,-0.5963,7.420402,2.34305311827738
SW480_LARGE_INTESTINE,-0.2405,7.636427,1.90076797285812
HS746T_STOMACH,0.3876,8.665787,3.60053091116402
LU65_LUNG,0.418,8.619777000000001,2.97863819799335
HS739T_BREAST,0.0105,8.779575,2.88643394888693
SNUC2A_LARGE_INTESTINE,0.0298,8.954347,3.66563562046692
HEC151_ENDOMETRIUM,-0.0264,7.642227,1.98583941865953
MSTO211H_PLEURA,-0.7797,7.871467,2.44082697655648
RAJI_HAEMATOPOIETIC_AND_LYMPHOID_TISSUE,-0.0035,9.062615,3.32495607487164
SKMEL1_SKIN,-0.1378,9.021106,3.3339503576695604
SUPT1_HAEMATOPOIETIC_AND_LYMPHOID_TISSUE,0.0027,10.52164,5.2514769207090986
JHH7_LIVER,-0.0034,7.294998,2.21597402255548
HUT102_HAEMATOPOIETIC_AND_LYMPHOID_TISSUE,-0.0094,9.712494,4.23254930772787
5637_URINARY_TRACT,-0.5217,7.38517,1.9159410890215096
HCC38_BREAST,-0.6142,4.243558,-0.579044692695356
DU4475_BREAST,-0.5019,7.530808,1.74281629366083
NCIH1573_LUNG,0.3417,8.51988,3.56689670486305
NCIH508_LARGE_INTESTINE,-0.1127,8.461354,3.1203567033433
NCIH1651_LUNG,0.1217,8.698333,3.21177751606457
SKUT1_SOFT_TISSUE,0.0358,7.203385000000001,1.41600152683828
MDAMB175VII_BREAST,0.0103,8.517725,2.98160081387746
SUPB15_HAEMATOPOIETIC_AND_LYMPHOID_TISSUE,0.0344,9.511537,4.53334327918334
NCIH226_LUNG,0.1536,8.98368,3.13562146312778
NCIH1666_LUNG,0.0499,8.978601,3.36511134863176
SW1783_CENTRAL_NERVOUS_SYSTEM,0.4176,6.767728999999999,1.40229023331199
ISTMES1_PLEURA,-0.0734,7.925097999999997,2.2003842475336604
NCIH1734_LUNG,-0.2891,7.542208,2.00687322639554
NCIH2342_LUNG,0.1644,9.338777,3.22454256693855
EBC1_LUNG,0.2041,8.712689,2.9532465648423303
HS936T_SKIN,0.0075,8.671522,3.15699312939266
T173_BONE,-0.0093,8.549381,2.96058796305482
NCIH322_LUNG,-0.1106,8.826128,2.9402824974462
HS618T_LUNG,0.0081,8.752398,2.96808482659888
HS870T_BONE,-0.0086,8.683373,3.1700003660932405
HS706T_BONE,-0.021,8.590764,2.58506969925744
PANC1_PANCREAS,0.402,9.065019,3.2644934278948505
NCIH2291_LUNG,0.1807,8.415011999999999,2.83944178644549
T47D_BREAST,0.5134,9.188576,3.4557738239245097
HS742T_BREAST,-0.0202,9.136962,2.14313171724367
BICR56_UPPER_AERODIGESTIVE_TRACT,0.0206,8.812327999999997,2.9443217243751496
BICR16_UPPER_AERODIGESTIVE_TRACT,0.8207,7.1937,1.90291530555464
TE10_OESOPHAGUS,-0.33,8.913674,3.01694818314589
SKMEL28_SKIN,-0.3485,8.073061000000001,2.4025192469832404
BICR6_UPPER_AERODIGESTIVE_TRACT,0.0582,7.769685000000001,1.56207538936912
BHY_UPPER_AERODIGESTIVE_TRACT,0.0291,8.614464,3.09801119382163
SH4_SKIN,-0.1461,8.712699,2.9931627339631404
KPL1_BREAST,0.1479,9.161273,3.12819953224844
TUHR4TKB_KIDNEY,-0.1035,7.9667910000000015,2.5413432667869102
LS123_LARGE_INTESTINE,-0.3578,7.733364,1.86416120178743
HEL_HAEMATOPOIETIC_AND_LYMPHOID_TISSUE,-0.3871,8.081028,2.10611432871835
HPAC_PANCREAS,0.1153,9.410833,3.9779868119177904
RCC10RGB_KIDNEY,0.0221,8.475116,2.3891182112712004
JHOM1_OVARY,-0.3251,7.651941000000001,2.01309056753786
SU8686_PANCREAS,-0.4785,7.544661,2.05794001216698
HCC33_LUNG,-0.4409,8.150964,2.78652559303304
TE6_OESOPHAGUS,-0.28600000000000003,8.678776,3.09644445007497
JHOC5_OVARY,-0.4526,7.573582000000001,1.50496987942641
ACCMESO1_PLEURA,-1.7268,8.553267,2.8441200478781496
BL41_HAEMATOPOIETIC_AND_LYMPHOID_TISSUE,-0.8959999999999999,8.832443,2.46432438035997
SNU1214_UPPER_AERODIGESTIVE_TRACT,0.0408,8.391421000000001,2.51496694215936
CORL105_LUNG,0.2682,9.762318,3.6892583747403513
LMSU_STOMACH,0.2468,9.333479,3.3332421741391403
SNU1197_LARGE_INTESTINE,-0.2795,8.064618,2.21953665025605
COLO668_LUNG,-0.6547,7.243167999999999,2.06647224507301
OSRC2_KIDNEY,0.1738,7.218022,1.67833256426695
HUH6_LIVER,0.2385,8.237439,2.1472560177475
PANC0203_PANCREAS,-0.1214,8.564533,2.63756294306293
CJM_SKIN,-0.0612,9.223392,3.46941514133837
BICR22_UPPER_AERODIGESTIVE_TRACT,0.0694,8.620228,2.36079927247205
TM31_CENTRAL_NERVOUS_SYSTEM,0.1651,9.354218,3.6398505101434497
SNU1272_KIDNEY,0.5815,8.953686,3.13855648623208
KPNRTBM1_AUTONOMIC_GANGLIA,0.051,10.28184,5.26543935474074
BICR18_UPPER_AERODIGESTIVE_TRACT,-0.3434,7.640928999999999,2.90712254716082
TE4_OESOPHAGUS,0.2564,9.528943,3.41942210574514
ECC10_STOMACH,-0.2677,8.459378,2.3522933540195
TUHR14TKB_KIDNEY,-0.5832,8.209781,2.64351834877758
YD15_SALIVARY_GLAND,0.0529,9.070889,3.08236006576716
ECGI10_OESOPHAGUS,-0.147,8.339714,2.52205717580186
CW2_LARGE_INTESTINE,0.0042,9.062303,2.6983351270350897
SNU761_LIVER,-0.1089,7.7491210000000015,2.2477292309770496
SNU61_LARGE_INTESTINE,0.2277,9.183508,2.91870749502481
NCIH1915_LUNG,-0.0083,8.698765,2.77917870161763
SNU324_PANCREAS,0.0007,9.417443,3.30972890905997
YD10B_UPPER_AERODIGESTIVE_TRACT,0.229,8.26914,2.59589097490051
HCC2279_LUNG,-0.2443,8.728878,2.38801202831363
TUHR10TKB_KIDNEY,0.1624,8.913902,3.37433375694664
HEC1B_ENDOMETRIUM,-0.2134,8.796206,2.67322862124558
TGBC11TKB_STOMACH,-0.0338,9.464232,4.1974391388882
OVK18_OVARY,0.5288,7.335417999999999,0.4092657111467
SNU1077_ENDOMETRIUM,-0.2207,8.095393,2.1184391029124297
SNU213_PANCREAS,0.0471,8.628633,2.61151498509658
HT115_LARGE_INTESTINE,-0.0345,8.454243,2.66790403704315
TE14_OESOPHAGUS,-0.1586,8.622826,3.0298073746197702
TE8_OESOPHAGUS,-0.2319,8.793222,3.31398350127556
SNU520_STOMACH,0.4276,9.690005,3.87727561354517
JHUEM3_ENDOMETRIUM,0.0473,8.458772999999999,2.97022528244098
LI7_LIVER,0.1666,8.990203999999997,3.242681168449049
NCIH838_LUNG,-0.1377,9.172045,3.46934421241221
SNU119_OVARY,-0.45,8.200088000000001,2.38338525512928
SNU1033_LARGE_INTESTINE,3.0447,8.383807000000001,2.38270871530307
SNUC5_LARGE_INTESTINE,-0.0074,8.618757,3.3599035480396497
GSS_STOMACH,0.1892,9.28794,2.96158720220546
TALL1_HAEMATOPOIETIC_AND_LYMPHOID_TISSUE,0.2823,11.35634,5.5923719452283205
HCC1171_LUNG,-0.3333,9.014537,3.07325671952638
SNUC4_LARGE_INTESTINE,0.0363,9.231314,3.95176217930717
SNU620_STOMACH,-0.0831,9.081527,3.02619262803688
ECC12_STOMACH,-0.1327,9.199822,3.2392050316339804
GSU_STOMACH,0.1414,9.803051,3.60052682787673
KMS18_HAEMATOPOIETIC_AND_LYMPHOID_TISSUE,-0.7214,9.557569,3.63619434740352
JHOM2B_OVARY,-0.029,9.426953,3.12019721160238
MDAMB231_BREAST,0.0195,9.164759,3.3771419384561496
OV90_OVARY,-0.042,8.440698,2.69320574926142
RS411_HAEMATOPOIETIC_AND_LYMPHOID_TISSUE,0.0367,9.58659,3.1705970295341404
OVTOKO_OVARY,0.2292,9.096322,3.38632813571238
OVCAR4_OVARY,0.7082,9.227146,3.4258696044479704
HLF_LIVER,0.1644,8.398057000000001,2.64247019709642
HCT15_LARGE_INTESTINE,0.0178,9.007365,3.41311603399014
SW1463_LARGE_INTESTINE,-0.1227,8.453008,2.64083538052904
SF295_CENTRAL_NERVOUS_SYSTEM,-0.5879,6.392064,1.01372527663871
WM115_SKIN,-0.9448,7.0203,1.78294313594009
JHH4_LIVER,0.2454,8.690017999999998,2.85539233967084
OE33_OESOPHAGUS,0.4844,9.348036,2.81749029049898
CCK81_LARGE_INTESTINE,0.1331,8.959156,3.45832612848922
JHH1_LIVER,-0.0457,9.016637,3.2610535836363
SJSA1_BONE,0.0795,8.315923,2.71762821156126
NCIH2228_LUNG,-0.2625,8.468709,3.07949194540822
RERFLCAI_LUNG,-0.1318,8.203553,2.1828363799620103
SKMES1_LUNG,0.8821,8.457198,2.80947906312307
NCIH520_LUNG,0.9795,6.6919369999999985,1.98451989681619
JHH5_LIVER,-0.6145,7.981905999999999,1.9030608980699
FU97_STOMACH,-0.0874,7.957121000000001,2.18716054438355
COLO800_SKIN,0.4948,6.413296,0.980040534028398
NCIH1963_LUNG,-0.9662,6.734813000000001,1.28237567968199
RL952_ENDOMETRIUM,-0.0316,7.896077,2.76267704641744
J82_URINARY_TRACT,-2.2755,4.51748,-1.14199205722184
HCC15_LUNG,0.2283,8.934289999999997,3.5241987794042404
M059K_CENTRAL_NERVOUS_SYSTEM,-0.3914,6.610042,0.65840523459049
CALU6_LUNG,0.2012,8.761003,3.0468625528383195
SKLU1_LUNG,-0.6722,8.528514,2.75479088289676
SW900_LUNG,-1.1965,7.420273,1.5040363999405602
UACC62_SKIN,-0.7144,6.342829,1.51181465288758
MFE280_ENDOMETRIUM,-0.2554,9.540403,3.95897115991688
MFE319_ENDOMETRIUM,0.0119,6.363143,0.9963419388210808
MFE296_ENDOMETRIUM,-0.0012,10.60865,5.57429601471956
GOS3_CENTRAL_NERVOUS_SYSTEM,-0.7774,7.160224,1.72632429978978
GI1_CENTRAL_NERVOUS_SYSTEM,-0.1193,8.39732,2.787631296239
PC14_LUNG,-0.664,7.760984,2.12094483495164
KYSE410_OESOPHAGUS,-0.4576,8.573618,2.88979701746745
A204_SOFT_TISSUE,-0.0061,8.946224,3.3385274830334
PATU8902_PANCREAS,0.7283,9.273252,3.3135632836871203
NCIH810_LUNG,-0.358,7.879859,1.99343141240031
RERFLCMS_LUNG,-0.2466,8.401214999999999,2.70162955896953
L1236_HAEMATOPOIETIC_AND_LYMPHOID_TISSUE,-0.4182,9.847376,3.8118543353043504
DANG_PANCREAS,0.1275,8.45195,2.31996051052541
NCIH460_LUNG,0.2646,10.03239,4.04591976785808
KYSE140_OESOPHAGUS,0.0276,9.112767,2.8001192361017
KYSE180_OESOPHAGUS,-0.3004,8.461428999999999,2.66734113862445
HUPT3_PANCREAS,-0.8104,7.578432,1.71710478819886
EFE184_ENDOMETRIUM,0.0367,7.974202,2.61988423718273
GCIY_STOMACH,-0.402,7.952552000000002,2.9241664402584906
SH10TC_STOMACH,-0.5505,7.834705,1.85195601327322
CAOV4_OVARY,-0.2613,7.854541999999999,2.23891781697441
HCC2218_BREAST,0.0235,9.34156,3.22936438224873
KMS21BM_HAEMATOPOIETIC_AND_LYMPHOID_TISSUE,-0.4154,9.31932,3.2006533465763902
KMS26_HAEMATOPOIETIC_AND_LYMPHOID_TISSUE,0.2499,9.872782,4.60821465790604
KMS27_HAEMATOPOIETIC_AND_LYMPHOID_TISSUE,-0.0587,9.436217999999998,3.3090492684161097
KO52_HAEMATOPOIETIC_AND_LYMPHOID_TISSUE,-0.0606,10.3414,4.13333383520975
KMS28BM_HAEMATOPOIETIC_AND_LYMPHOID_TISSUE,0.2163,10.32791,4.45776849497359
KNS60_CENTRAL_NERVOUS_SYSTEM,0.3672,8.857319,3.2837977078001703
KNS81_CENTRAL_NERVOUS_SYSTEM,-1.3634,7.63005,2.4495505691822403
KPNSI9S_AUTONOMIC_GANGLIA,-0.1999,8.783569,2.93142447296103
LU99_LUNG,0.2196,9.007618,2.89765447267565
KMS34_HAEMATOPOIETIC_AND_LYMPHOID_TISSUE,0.0858,9.724038,4.3790702734807985
MKN1_STOMACH,-0.5721,8.301393,2.52443853203013
MKN74_STOMACH,0.4529,9.003743,3.30615308023349
KP3_PANCREAS,0.223,9.260176,3.5255398059355896
NCO2_HAEMATOPOIETIC_AND_LYMPHOID_TISSUE,0.3188,10.50759,4.7904590710466906
KHM1B_HAEMATOPOIETIC_AND_LYMPHOID_TISSUE,0.6191,9.564827,3.67745620484674
HSC2_UPPER_AERODIGESTIVE_TRACT,-0.0962,8.536709,2.55544818694133
KG1C_CENTRAL_NERVOUS_SYSTEM,-0.0604,8.547880000000001,3.01787968033037
HUH7_LIVER,-0.2327,8.286455,2.4152725374201296
KMBC2_URINARY_TRACT,-0.695,8.635902,2.66284653896675
KMRC20_KIDNEY,0.121,8.436007,2.64724925293977
HUCCT1_BILIARY_TRACT,0.0325,9.041094,4.0400975423580086
KIJK_HAEMATOPOIETIC_AND_LYMPHOID_TISSUE,-0.214,9.124275,3.01213704202756
A4FUK_HAEMATOPOIETIC_AND_LYMPHOID_TISSUE,-0.7070000000000001,8.777097999999999,2.35200408004968
KALS1_CENTRAL_NERVOUS_SYSTEM,-0.0048,7.24173,1.73075775177415
HEC108_ENDOMETRIUM,0.1066,8.104744,2.4124788816447
HEL9217_HAEMATOPOIETIC_AND_LYMPHOID_TISSUE,-0.4569,8.105976,2.7909324957106296
HUH28_BILIARY_TRACT,-0.2361,8.414643,2.35385741952711
HEC265_ENDOMETRIUM,-0.0295,6.622659,1.18158268433454
CAL12T_LUNG,0.3261,8.51828,2.5080439065710096
THP1_HAEMATOPOIETIC_AND_LYMPHOID_TISSUE,-1.2019,9.083124,2.79712082548638
A3KAW_HAEMATOPOIETIC_AND_LYMPHOID_TISSUE,-0.0671,9.245463,3.11273728847644
SKNSH_AUTONOMIC_GANGLIA,-0.9922,9.251858,3.942556116151259
HCC1954_BREAST,-0.4489,8.330857,2.72613218087658
CAMA1_BREAST,-0.2075,8.424585,2.8728721102510204
HEC6_ENDOMETRIUM,-0.2416,7.509071,1.84031251036608
AM38_CENTRAL_NERVOUS_SYSTEM,-0.0989,8.251345,2.3488143160213
HEC50B_ENDOMETRIUM,-0.1068,7.809029,1.6118220275559398
HSC3_UPPER_AERODIGESTIVE_TRACT,0.4911,9.131398,3.61193028720967
HSC4_UPPER_AERODIGESTIVE_TRACT,0.2111,8.595976,4.0396669290669305
KMS11_HAEMATOPOIETIC_AND_LYMPHOID_TISSUE,1.5117,10.51396,5.2020342709403495
KP4_PANCREAS,0.0632,8.984912,3.0454377286137904
KE39_STOMACH,-0.4467,8.301423,2.49658160351278
KE97_HAEMATOPOIETIC_AND_LYMPHOID_TISSUE,-0.059,9.975116,4.09258811680122
VMRCRCW_KIDNEY,-0.044,8.58464,3.31626868600134
HGC27_STOMACH,-2.9445,4.8614180000000005,-4.9884669731643205
LUDLU1_LUNG,0.0891,8.873366,2.87206442350696
HUG1N_STOMACH,0.5714,9.530515,3.37298963346712
U266B1_HAEMATOPOIETIC_AND_LYMPHOID_TISSUE,0.0087,9.567926,4.10995639628764
NUGC4_STOMACH,-0.289,8.616964999999999,2.9201641924880404
HMC18_BREAST,-0.2259,7.915684,2.05636236156981
CAS1_CENTRAL_NERVOUS_SYSTEM,-0.3492,6.749435000000001,1.4234714217448
KMM1_HAEMATOPOIETIC_AND_LYMPHOID_TISSUE,-0.3617,8.406931,2.41507778565232
CORL23_LUNG,-0.0809,8.245641,2.5161470216025696
MORCPR_LUNG,0.2305,8.807547,3.182472858240549
HARA_LUNG,0.1448,9.243987,3.65222615739586
SKOV3_OVARY,-0.8485,8.146801,2.4951413844337003
HPAFII_PANCREAS,-0.3392,8.331942999999999,2.74726930638349
MC116_HAEMATOPOIETIC_AND_LYMPHOID_TISSUE,-0.3913,9.539959,3.75113355352123
NCIH1568_LUNG,-0.3081,10.08282,4.27479799810272
CA46_HAEMATOPOIETIC_AND_LYMPHOID_TISSUE,-0.039,9.528219,4.198190071255899
A498_KIDNEY,-0.0547,8.919181,2.9048649154189903
BCP1_HAEMATOPOIETIC_AND_LYMPHOID_TISSUE,-1.019,8.429173,2.27715924976386
A673_BONE,0.0266,8.282332,2.60294132182154
AU565_BREAST,-0.8762,7.304553999999999,1.61693051502569
COLO201_LARGE_INTESTINE,-0.0103,9.392158,3.98625045837589
CAPAN1_PANCREAS,0.3497,8.809873,3.2987557914786696
NCIH1563_LUNG,-0.2815,8.314599000000001,2.67168704402105
NCIH358_LUNG,-0.7,8.311307000000001,2.54618289797733
CFPAC1_PANCREAS,1.6166,8.613096,3.26665302237462
NIHOVCAR3_OVARY,0.2508,9.33463,3.8882518957045096
NCIH1650_LUNG,-2.3901,5.229071,1.87498669284268
NCIH1793_LUNG,-0.0891,8.527467,3.0620507505162595
NCIH1437_LUNG,0.217,8.781706,3.4978037285815
KNS62_LUNG,-1.9319,5.7715489999999985,-2.7252774881873103
HS578T_BREAST,-0.3263,8.255932000000001,2.13688256403342
BT20_BREAST,-1.2064,6.80513,1.28693559477637
SNU182_LIVER,-0.0538,8.540545,2.4225246075818903
SKNMC_BONE,-0.9818,6.680795,0.633869383873662
HH_HAEMATOPOIETIC_AND_LYMPHOID_TISSUE,-1.0147,7.082095,1.5186197819777802
FADU_UPPER_AERODIGESTIVE_TRACT,0.0031,8.994957000000003,3.03796446414701
MDAMB361_BREAST,0.1663,8.912983,3.1218528201299303
MDAMB436_BREAST,-0.5762,8.204509,2.0667944446792297
PANC0213_PANCREAS,-0.7824,7.415642999999997,1.68964816044242
DB_HAEMATOPOIETIC_AND_LYMPHOID_TISSUE,-0.6391,9.155601,3.74640360731346
RDES_BONE,0.022,7.596417,2.31310086139718
CAL27_UPPER_AERODIGESTIVE_TRACT,0.0715,8.565339,3.0864448304696297
MESSA_SOFT_TISSUE,0.0871,6.8244979999999975,1.19947465653967
SW1271_LUNG,-0.2,8.605493,2.41439246315583
NCIH1792_LUNG,-0.1007,8.095183,2.54948716488467
GCT_SOFT_TISSUE,0.0646,8.421196,2.20523588184126
SKBR3_BREAST,-1.0789,7.668132000000001,1.83920647973557
SNU16_STOMACH,-0.5044,9.092612,2.99922311721284
NCIH82_LUNG,-0.3904,7.766966,1.7781921582291
NCIN87_STOMACH,0.1973,9.0998,3.5270348729941703
U2OS_BONE,-0.3662,8.566586000000001,2.04038120178934
H4_CENTRAL_NERVOUS_SYSTEM,-5.539,5.012207,-4.73691867232934
GDM1_HAEMATOPOIETIC_AND_LYMPHOID_TISSUE,-0.0164,9.627959,3.90452887815818
HCC1143_BREAST,-0.1834,8.965751,3.4478378050097103
T24_URINARY_TRACT,-0.2096,8.1637,2.13765567346829
G401_SOFT_TISSUE,0.017,8.010455,2.4299939540945497
HCC1937_BREAST,-5.3029,4.409212,-5.56253669101682
HCC1569_BREAST,-0.3467,6.253696,0.464045749935008
OCUM1_STOMACH,-0.1706,8.894484,3.11899792733539
D283MED_CENTRAL_NERVOUS_SYSTEM,0.0392,9.187008,3.10525330005423
SCC9_UPPER_AERODIGESTIVE_TRACT,-0.0654,7.512142,1.93752019710179
HCC1395_BREAST,-2.4357,4.49901,0.130629317387499
NMCG1_CENTRAL_NERVOUS_SYSTEM,-0.0998,8.419823,2.63656775971175
TEN_ENDOMETRIUM,-0.1076,8.482915,2.33262432801904
TE9_OESOPHAGUS,0.0106,8.909811999999997,2.84968484569259
KNS42_CENTRAL_NERVOUS_SYSTEM,0.0678,8.885605,3.33642973937968
KYSE520_OESOPHAGUS,0.2025,8.371124,2.8436344364705497
KYSE270_OESOPHAGUS,-0.4912,7.292045,1.09466567411992
JHUEM1_ENDOMETRIUM,0.0277,8.486755,2.80686984944412
YH13_CENTRAL_NERVOUS_SYSTEM,-1.0131,8.946079,3.54920288169712
IALM_LUNG,-0.2326,7.545323,1.4865631602918
NCIH2052_PLEURA,0.1694,8.808473,3.6523439016031896
SKNFI_AUTONOMIC_GANGLIA,-0.0607,8.301362,3.35501308650378
SKNAS_AUTONOMIC_GANGLIA,0.04,9.942481,4.21968493924861
GA10_HAEMATOPOIETIC_AND_LYMPHOID_TISSUE,-0.0021,9.856247,3.9561646676576094
SNU398_LIVER,0.5173,9.776274,3.5887376212154702
SNU423_LIVER,0.2529,9.169001,2.7625267115395404
SCC4_UPPER_AERODIGESTIVE_TRACT,0.0324,8.045619,2.36972978893944
EB1_HAEMATOPOIETIC_AND_LYMPHOID_TISSUE,0.0205,10.56589,4.87511759690178
HCC1187_BREAST,-0.3289,8.956441,3.13387783000895
SNU387_LIVER,-0.4348,8.453028,2.48391514330416
DAUDI_HAEMATOPOIETIC_AND_LYMPHOID_TISSUE,0.0018,10.13378,4.1851475013525805
HT_HAEMATOPOIETIC_AND_LYMPHOID_TISSUE,0.0659,10.03557,4.16505158140172
MJ_HAEMATOPOIETIC_AND_LYMPHOID_TISSUE,-0.0218,8.771859,2.85780240677852
JM1_HAEMATOPOIETIC_AND_LYMPHOID_TISSUE,0.4801,9.762679,4.16887208348845
C2BBE1_LARGE_INTESTINE,0.098,8.107864999999999,2.34464564753984
SKES1_BONE,-0.2113,7.744877000000002,1.88163892763714
EPLC272H_LUNG,0.3605,8.624928,3.1436809045550493
BXPC3_PANCREAS,-0.2323,8.19903,2.31926665215088
NCIH1355_LUNG,-0.161,9.110279,3.524440325540529
SNU5_STOMACH,0.0066,9.409745,3.18152399724093
SNU475_LIVER,-2.1417,7.747622,2.13561848863747
HEC251_ENDOMETRIUM,-0.0328,8.126586999999999,2.17828264573285
HCC95_LUNG,-0.0325,8.671722,2.58191185971904
RPMI7951_SKIN,-5.54,4.33577,-4.739651968958861
COLO783_SKIN,-0.3869,9.246537,3.61555072754765
HCC1359_LUNG,-0.1886,8.414121000000002,2.27458204846708
BICR31_UPPER_AERODIGESTIVE_TRACT,-0.2071,8.016954,2.13091001815364
COV362_OVARY,0.7236,9.874854,3.57845976482027
COLO792_SKIN,0.1585,8.403765,2.56520309118946
COV434_OVARY,-0.0027,8.537382000000001,3.03977200119587
WM983B_SKIN,-0.3225,7.941435,2.01863707661925
HS751T_HAEMATOPOIETIC_AND_LYMPHOID_TISSUE,-0.0046,9.258555,3.22572316971493
LS513_LARGE_INTESTINE,-0.1421,8.723946,2.70141910464798
NCIH2110_LUNG,0.174,9.247977,3.14554039114367
CHAGOK1_LUNG,0.8687,10.0355,3.8825662789278703
DMS454_LUNG,-0.4788,8.212515,2.4600057388230803
CORL47_LUNG,-0.7791,7.797515,2.12611584845355
FTC238_THYROID,-0.2192,6.5134940000000014,-0.12009466539394
DMS273_LUNG,-0.3756,8.581704,2.55711494482214
FTC133_THYROID,0.581,6.9134259999999985,1.30209013076578
CORL311_LUNG,-0.1174,8.316631,2.57378180616205
NCIH2286_LUNG,0.1396,10.57411,4.5943673208460805
NCIH1339_LUNG,-0.7167,8.472653999999999,1.80954216011215
WM793_SKIN,-0.6924,6.970442,1.07147545619494
A704_KIDNEY,0.0329,9.593066,3.2873670212683304
MDAMB435S_SKIN,-0.3123,8.190505,1.92692916487286
WM1799_SKIN,-5.3085,4.670359,-4.64291613259722
MEWO_SKIN,0.0328,8.236042999999999,2.14624593919745
WM88_SKIN,-0.1958,9.306979,3.57771659204122
NCIH2081_LUNG,-0.5958,8.780441,2.6761878093135603
NCIH1092_LUNG,-0.4687,8.144646,2.21799776940966
SW837_LARGE_INTESTINE,0.1749,9.168694,3.65873753795275
JHH6_LIVER,-0.0736,8.775886,2.66225438645608
IGR1_SKIN,-0.7149,8.357897,2.1926120353972096
NCIH1105_LUNG,-0.7363,8.343312,2.5040157838369703
NCIH1436_LUNG,-2.4508,4.990461,-2.10833753986914
NCIH1876_LUNG,-0.3261,8.925702000000003,2.72124378382165
CORL24_LUNG,0.2213,9.335156,3.4146214992668504
COV644_OVARY,-0.2775,8.879804,2.98187052195881
GP2D_LARGE_INTESTINE,0.0178,10.66016,4.23269231343197
PECAPJ15_UPPER_AERODIGESTIVE_TRACT,-0.3373,8.353895,2.51664672146214
CORL88_LUNG,-0.6117,6.8296350000000015,0.869537272248757
CORL95_LUNG,-0.4429,7.852753,1.82802624156255
PECAPJ49_UPPER_AERODIGESTIVE_TRACT,-0.0542,8.221111,2.37981130587161
PECAPJ34CLONEC12_UPPER_AERODIGESTIVE_TRACT,0.8039,8.904349,2.68210411668546
PECAPJ41CLONED2_UPPER_AERODIGESTIVE_TRACT,0.0999,8.640024,2.16752932070476
OV7_OVARY,-0.7612,8.078246,1.64013569077538
HT55_LARGE_INTESTINE,-0.1332,9.368239,3.33676545812212
OAW42_OVARY,-0.2424,8.467457000000001,2.3405920296975
MDST8_LARGE_INTESTINE,0.0245,7.867755000000002,1.41399727424995
OAW28_OVARY,-0.0977,8.989508,2.82455248420434
SUIT2_PANCREAS,0.1362,9.112824,3.04174118927159
KASUMI1_HAEMATOPOIETIC_AND_LYMPHOID_TISSUE,0.5116,11.28824,5.6503905787395
SUPM2_HAEMATOPOIETIC_AND_LYMPHOID_TISSUE,-0.1127,9.723197,3.70538939804909
SKHEP1_LIVER,0.1072,8.754985000000001,2.69181655941473
OVCAR8_OVARY,0.1497,9.05048,2.77345606970806
NCIH2172_LUNG,-0.5438,8.622314999999999,2.48314278575734
ISHIKAWAHERAKLIO02ER_ENDOMETRIUM,-0.0371,8.030992,1.74880848969763
NCIH596_LUNG,-0.439,8.864277000000003,3.0822764069712902
NCIH650_LUNG,-0.1498,8.574781,2.7801928116209
SW1573_LUNG,0.2903,8.324176,2.45113186005008
OVMANA_OVARY,0.1539,8.565428,2.4651309208578303
SKCO1_LARGE_INTESTINE,-0.1898,9.164081,2.71981085971414
KARPAS299_HAEMATOPOIETIC_AND_LYMPHOID_TISSUE,-0.8743,9.211121,3.54144985632288
YAPC_PANCREAS,0.3874,9.53136,3.92951839616589
HT1197_URINARY_TRACT,1.7567,8.704807,2.81050524867662
A253_SALIVARY_GLAND,-0.402,8.496493,2.3092756658099303
HCC366_LUNG,0.3409,9.056571,2.8032375859797103
DKMG_CENTRAL_NERVOUS_SYSTEM,-1.0118,8.180619,2.6695638441428
SNU349_KIDNEY,-0.0984,9.361278,2.7798712146793902
UMUC1_URINARY_TRACT,-0.0816,8.463154,2.68312344691186
NAMALWA_HAEMATOPOIETIC_AND_LYMPHOID_TISSUE,0.0068,9.632495,4.2419697704897885
NCIH292_LUNG,-0.0167,8.648729,2.62972635971652
59M_OVARY,0.1485,8.718021,2.8644532141566605
U118MG_CENTRAL_NERVOUS_SYSTEM,-0.3091,5.275341,2.56957090731631
RH30_SOFT_TISSUE,-0.5787,6.612324,0.7482408695460799
TCCSUP_URINARY_TRACT,0.2688,9.123496,3.40335171765127
SNU601_STOMACH,-0.111,8.574164,2.25957217092835
CAL33_UPPER_AERODIGESTIVE_TRACT,-0.0216,7.775982000000001,2.43322044058427
SNU668_STOMACH,0.5498,10.65764,4.7288139165175895
CORL279_LUNG,-0.6212,5.33481,-3.6168836083845095
GB1_CENTRAL_NERVOUS_SYSTEM,0.4297,9.334264,3.32946186789598
KURAMOCHI_OVARY,-0.3218,7.44141,2.38384612278687
COLO684_ENDOMETRIUM,-0.1721,6.779997,1.19297150707712
SNU685_ENDOMETRIUM,-0.0124,8.590523,2.5645585335083703
SNU886_LIVER,0.0978,9.688079,4.07404654307508
NCCSTCK140_STOMACH,-0.4131,7.493156,2.00921269794349
NCIH3255_LUNG,-0.7356,7.945505000000002,1.96125785043516
SNU719_STOMACH,-0.1393,9.5247,3.61541759319422
SNU489_CENTRAL_NERVOUS_SYSTEM,-0.7692,6.807929,1.2262306319994398
SNU81_LARGE_INTESTINE,-0.0134,8.712105000000001,3.0805382935025603
A2058_SKIN,-0.1049,8.642684,2.8783090661112403
SNU1040_LARGE_INTESTINE,0.005,8.210923,2.74266202469617
SNU1076_UPPER_AERODIGESTIVE_TRACT,-0.2498,8.234173,2.51225279250588
SNU175_LARGE_INTESTINE,-0.0127,9.777798,4.14980044767456
SNU407_LARGE_INTESTINE,-0.0444,9.200121,3.71328969826002
SNU201_CENTRAL_NERVOUS_SYSTEM,-0.6464,8.111554,2.35658240142525
KMS20_HAEMATOPOIETIC_AND_LYMPHOID_TISSUE,0.1365,9.684223,3.95757218281937
SNU216_STOMACH,-0.0353,9.142233,3.12714720085236
SNU1196_BILIARY_TRACT,0.1139,8.9775,2.51297706516028
SNU1079_BILIARY_TRACT,0.1742,8.57978,2.72634467453762
HCC1195_LUNG,-0.1283,7.239917,1.36416993007141
NCIH854_LUNG,-0.161,7.9517820000000015,2.35152996029906
SNU466_CENTRAL_NERVOUS_SYSTEM,-0.3468,9.529038,3.86294357905304
YD38_UPPER_AERODIGESTIVE_TRACT,0.0895,8.700513,3.0163322355460203
SNU1105_CENTRAL_NERVOUS_SYSTEM,-4.7451,4.755889,-5.65700315107621
SNU283_LARGE_INTESTINE,0.2476,8.810352,2.96302111229363
SNU46_UPPER_AERODIGESTIVE_TRACT,0.006,8.561186,2.49485692698023
SNU308_BILIARY_TRACT,-2.8645,4.827078,-1.4090363380571398
YD8_UPPER_AERODIGESTIVE_TRACT,0.2597,9.003031,3.59476071270413
SNU245_BILIARY_TRACT,-0.0444,8.963731,2.7313856405936896
SNU478_BILIARY_TRACT,0.1332,9.409342,3.1246332977731206
SNU410_PANCREAS,0.1254,8.528534,2.8923890246593498
SNU899_UPPER_AERODIGESTIVE_TRACT,0.2045,8.548117999999999,2.83281721237351
SNU503_LARGE_INTESTINE,0.0169,9.085825,3.0219205253043904
SET2_HAEMATOPOIETIC_AND_LYMPHOID_TISSUE,0.9658,9.350209,3.74979446098813
SNU738_CENTRAL_NERVOUS_SYSTEM,-0.4781,8.382318,2.57444628011931
SNU626_CENTRAL_NERVOUS_SYSTEM,-0.6911,6.971967,1.76451760622603
SNU869_BILIARY_TRACT,1.5127,8.447533,3.3598700447133703
SNU878_LIVER,0.2282,9.352182,3.95686230620485
SNU840_OVARY,0.0097,9.053756,2.69516264698367
SNU8_OVARY,-0.4942,7.663807,1.56102999229133
IGR39_SKIN,-4.7165,4.337251,-4.3464993021467
DAOY_CENTRAL_NERVOUS_SYSTEM,-0.4278,7.871664,2.0930841657167103
HEP3B217_LIVER,-0.3729,8.125878,1.6821803261603898
KYM1_SOFT_TISSUE,-0.0398,8.954483,3.11844242988875
LC1F_LUNG,-0.3359,8.656497,2.46064424322206
CMK_HAEMATOPOIETIC_AND_LYMPHOID_TISSUE,0.1018,9.093017,2.9152471759657206
JMSU1_URINARY_TRACT,0.5149,9.508707,3.39135360495468
IMR32_AUTONOMIC_GANGLIA,-0.1323,8.806256,2.63321343311791
SUDHL8_HAEMATOPOIETIC_AND_LYMPHOID_TISSUE,-0.0644,9.442419,3.90104014456592
T3M4_PANCREAS,-0.4136,7.583141,1.97932191549923
PK45H_PANCREAS,0.4229,9.710517,3.63869265412129
HEC59_ENDOMETRIUM,0.339,9.251093,3.7819927709539902
T3M10_LUNG,0.1048,8.132204,3.0103030633339705
NUGC2_STOMACH,-0.3636,7.703761,1.8534880344657096
PLCPRF5_LIVER,-0.3325,8.561515,2.8127527323103303
KPNYN_AUTONOMIC_GANGLIA,0.0583,9.671823,4.558239453153
CCFSTTG1_CENTRAL_NERVOUS_SYSTEM,-0.064,9.791553,3.71394798648462
NCIH929_HAEMATOPOIETIC_AND_LYMPHOID_TISSUE,-0.0262,9.656951,3.85122175794018
KMRC3_KIDNEY,0.0523,8.410815,3.00632333883954
NCIH2023_LUNG,0.2036,8.349364999999999,2.7879751731527698
DMS153_LUNG,0.1489,8.833695,3.8537061772834
NCIH1048_LUNG,0.0124,8.36642,2.9599255448839106
D341MED_CENTRAL_NERVOUS_SYSTEM,-0.104,8.918805,2.92581337564322
NCIH660_PROSTATE,-2.0385,5.00875,-3.81671642760491
NCIH1618_LUNG,0.044,7.709184,2.6739141725531
HS675T_LARGE_INTESTINE,0.0001,8.724948,2.94724658920092
PEER_HAEMATOPOIETIC_AND_LYMPHOID_TISSUE,0.0688,11.16027,5.172295496234232
SKM1_HAEMATOPOIETIC_AND_LYMPHOID_TISSUE,0.2045,9.654789,3.80912918293189
HT144_SKIN,-0.4166,9.183782,3.3844379424852
SKMEL31_SKIN,-2.1857,4.2728730000000015,-1.00219754731485
HS839T_SKIN,0.003,8.568398,2.68753758042688
HS939T_SKIN,-2.6678,7.326506,1.52583213457279
OCILY3_HAEMATOPOIETIC_AND_LYMPHOID_TISSUE,-0.4674,8.480352,2.4761029183252297
HS819T_BONE,0.001,8.616923,2.39229108462381
NCIH69_LUNG,-0.5014,8.892185000000003,3.3200110726578
DV90_LUNG,-0.0527,7.519594,1.9283378261216104
ZR751_BREAST,0.0919,9.706523,4.29837265066778
KG1_HAEMATOPOIETIC_AND_LYMPHOID_TISSUE,0.0295,10.67226,5.18205209515972
SKNBE2_AUTONOMIC_GANGLIA,0.1014,9.949137,4.66808220455008
HCC70_BREAST,-0.3281,7.1160770000000015,1.97337164382873
NCIH2452_PLEURA,0.2393,9.030202,3.7417906760837902
SNU1_STOMACH,-0.0437,8.717286999999999,2.99252081327088
LOUCY_HAEMATOPOIETIC_AND_LYMPHOID_TISSUE,-0.8636,11.61035,5.17497306086019
HCC56_LARGE_INTESTINE,0.2371,8.803817,3.12829740648492
NCIH1648_LUNG,-0.2129,8.415338,2.52197082268228
TO175T_HAEMATOPOIETIC_AND_LYMPHOID_TISSUE,0.005,8.492161999999999,3.2308539690501803
MPP89_PLEURA,-0.1699,8.71382,2.89448807391953
PANC0813_PANCREAS,-0.1849,8.617111,2.7731022734149104
MG63_BONE,-0.0045,8.028919,1.75895787098218
PK1_PANCREAS,0.3603,8.725448,2.86010849972098
HS840T_UPPER_AERODIGESTIVE_TRACT,0.0135,8.544599,2.80179281042823
NCIH23_LUNG,-0.2408,8.763875,3.0570674262282904
TE617T_SOFT_TISSUE,-0.0178,8.36019,2.85919219329333
SW1088_CENTRAL_NERVOUS_SYSTEM,-5.0981,4.801655,-1.94524582638836
ISTMES2_PLEURA,0.1636,9.376086,3.97890968205264
NCIH1373_LUNG,0.1237,9.00433,3.4892891492456504
NCIH1930_LUNG,-0.5266,7.371011,1.89519574032781
NCIH1623_LUNG,-0.3061,8.177761,2.76910446980699
HS229T_LUNG,0.0034,8.940657,2.9179209763914704
NCIH1838_LUNG,-0.1471,7.571984,2.12330301936244
NCIH1836_LUNG,0.0068,8.506949,3.1695181477825694
HS688AT_SKIN,-0.0003,8.509172999999999,2.73736814938416
PANC0504_PANCREAS,0.1356,8.630639,3.13993927358532
HS822T_BONE,-0.0109,8.611514,2.67560735362293
BL70_HAEMATOPOIETIC_AND_LYMPHOID_TISSUE,-0.0129,10.35956,4.4446860861528
CI1_HAEMATOPOIETIC_AND_LYMPHOID_TISSUE,0.046,10.1963,4.18424686771873
G292CLONEA141B1_BONE,-0.1268,9.113093,3.40857451193203
RCM1_LARGE_INTESTINE,-0.1977,7.3183820000000015,2.36903429599575
HS737T_BONE,0.0008,8.346533,2.43019002143812
HS616T_HAEMATOPOIETIC_AND_LYMPHOID_TISSUE,0.0037,8.927204,2.98087417130755
HS600T_SKIN,0.0039,8.185257,2.38265938010642
TE159T_SOFT_TISSUE,0.0009,8.345215,3.2283570610754504
A101D_SKIN,-2.3742,5.217781,-0.396532457236066
NCIH1755_LUNG,0.4469,9.572412,3.85089043917583
RERFLCKJ_LUNG,0.1042,8.754674000000001,3.05569980934314
NCIH1693_LUNG,-0.3861,8.707034,2.81481546801637
SW780_URINARY_TRACT,-0.8023,7.816489,2.37134501001534
HS683_CENTRAL_NERVOUS_SYSTEM,-0.5259,7.387396000000002,1.81223450592494
RKO_LARGE_INTESTINE,-0.084,8.449000999999999,2.51782158451697
HS729_SOFT_TISSUE,-0.0986,8.647858,2.7761179273879804
JHOS2_OVARY,0.1811,9.153905,3.80869546889842
MCF7_BREAST,0.0802,8.979897,2.9991578992048105
U937_HAEMATOPOIETIC_AND_LYMPHOID_TISSUE,-0.9435,8.227783,2.94220090913396
SKLMS1_SOFT_TISSUE,0.0197,8.964495,3.13518978479688
HUTU80_SMALL_INTESTINE,-0.001,8.000028,2.36058296161425
HCC202_BREAST,0.0845,8.995951,3.31684069422604
MEG01_HAEMATOPOIETIC_AND_LYMPHOID_TISSUE,-1.0467,7.641786,1.10854168485041
REH_HAEMATOPOIETIC_AND_LYMPHOID_TISSUE,0.0091,10.23861,4.38779857665607
ONS76_CENTRAL_NERVOUS_SYSTEM,-0.1915,6.65083,1.39459431334319
SNUC1_LARGE_INTESTINE,-0.4051,8.444857,2.4305785032698903
SKNDZ_AUTONOMIC_GANGLIA,0.1344,8.804021,3.08573583056655
DMS114_LUNG,0.3934,10.22649,4.8062160457834295
TT_OESOPHAGUS,-0.244,8.667774,3.0280011334447003
ST486_HAEMATOPOIETIC_AND_LYMPHOID_TISSUE,0.0105,10.00548,4.62784287920017
OC314_OVARY,-0.1203,8.774607000000001,3.19281051576656
SW1353_BONE,-0.0419,8.384741,3.10054957913892
MDAMB157_BREAST,-0.518,7.792257000000001,2.29801976348454
LN18_CENTRAL_NERVOUS_SYSTEM,0.1909,9.128147,3.3138302059118803
769P_KIDNEY,0.0588,8.125674,2.1155045756314497
786O_KIDNEY,0.158,7.161589,1.78063958317967
CAOV3_OVARY,0.4004,9.009835,3.66765753210596
HEPG2_LIVER,-0.126,8.242907,2.0140538525263603
NCIH524_LUNG,-1.0541,7.436294,1.83058125889154
NCIH209_LUNG,-0.0054,8.465996,2.67014641175054
MIAPACA2_PANCREAS,-0.1124,8.95779,3.15420050967843
MCAS_OVARY,0.609,8.967542,2.95965939590124
SBC5_LUNG,0.0415,8.472489999999999,2.7194466875572902
COLO829_SKIN,-2.3406,6.45199,0.688640794070049
VCAP_PROSTATE,-0.1084,9.430925,3.7571684047737097
IPC298_SKIN,0.0676,8.969822,2.904327291735
CAPAN2_PANCREAS,0.3142,9.417671,3.4580786379248303
EFM192A_BREAST,-0.0551,9.218317,3.00692765591735
HS766T_PANCREAS,0.2983,8.514842,3.33326306022388
EFO27_OVARY,-0.0545,7.510525,2.6335074671937795
A2780_OVARY,-0.0066,8.68474,2.3433539525981404
NCIH196_LUNG,-0.1756,8.972994,3.1566231906156097
IGROV1_OVARY,0.0541,8.510454,2.34284986030644
NCIH889_LUNG,-0.4413,8.129404,2.8868281728734
NCIH211_LUNG,-0.6839,8.828972,3.23924597437426
MDAPCA2B_PROSTATE,-0.016,8.764161,3.18167169611899
SKMEL24_SKIN,-3.2831,4.855186,-4.00526253855402
K029AX_SKIN,-2.2592,6.1992410000000016,0.8142206171626121
HT1376_URINARY_TRACT,-0.0818,7.750277,1.8379858833368603
NCIH2171_LUNG,-0.4067,7.352824000000001,1.93556911113716
PANC1005_PANCREAS,-0.6498,7.845689,1.95554242839694
HS695T_SKIN,-0.2915,8.011878999999999,1.83342442518271
LOUNH91_LUNG,-0.0593,7.955595,2.36930153595349
LK2_LUNG,-0.3331,8.023913,2.56150063708206
TOV21G_OVARY,0.5761,7.453656,2.38790267771508
SKMEL3_SKIN,-0.8493,7.765492,2.02898991551842
ASPC1_PANCREAS,0.244,9.144815,3.64508876494382
OVSAHO_OVARY,0.4427,9.084034,3.0642941154268097
NCIH441_LUNG,-0.2613,8.002369,2.60023132599238
RERFLCSQ1_LUNG,0.1081,8.929915,2.94946963824256
NCIH2030_LUNG,0.0426,8.189809,2.64313340644359
HMCB_SKIN,-0.1804,8.987242,2.7446145040613503
FUOV1_OVARY,0.0828,8.891289,3.23519678552702
MALME3M_SKIN,-0.2177,8.559695,2.7810237641529603
KMS12BM_HAEMATOPOIETIC_AND_LYMPHOID_TISSUE,0.6183,9.730603,3.82779759202861
T98G_CENTRAL_NERVOUS_SYSTEM,-0.4925,8.870161,3.17250976229404
HL60_HAEMATOPOIETIC_AND_LYMPHOID_TISSUE,0.0539,9.548512,3.82616615329412
DBTRG05MG_CENTRAL_NERVOUS_SYSTEM,0.1067,6.462629,2.98538126746468
HEYA8_OVARY,1.7095,8.985771000000002,3.54562334007679
NCIH2122_LUNG,0.2677,8.461179,2.8508250245208595
MELJUSO_SKIN,-0.0895,8.92763,3.02591461091189
SW620_LARGE_INTESTINE,0.3564,9.057216,3.0700144552887303
HCT116_LARGE_INTESTINE,-0.0238,8.817554,3.37993739552158
VMRCRCZ_KIDNEY,0.1839,8.819546,3.23805889201682
DU145_PROSTATE,0.1507,8.92356,3.4241934613203697
MM1S_HAEMATOPOIETIC_AND_LYMPHOID_TISSUE,0.0478,9.391696,3.75354077194606
L33_PANCREAS,0.0016,8.629609,3.01666055831455
A549_LUNG,0.1261,8.342553,3.09536724150402
A172_CENTRAL_NERVOUS_SYSTEM,-2.4206,4.502252,-1.3432044144835502
NCIH1975_LUNG,0.1085,9.61069,3.8270076003322
COLO679_SKIN,0.0371,7.679391000000002,1.73173148438683
KP2_PANCREAS,0.0164,8.637891,3.09237664748603
HUH1_LIVER,0.1419,8.902191,3.31029491620592
MDAMB453_BREAST,-0.0728,9.057025,3.1859358507650097
PANC0403_PANCREAS,0.2054,8.545693,2.99741717570826
TYKNU_OVARY,-0.2573,7.058345,1.26680998374993
OVISE_OVARY,0.1373,8.441075999999999,2.9320634190143102
EFM19_BREAST,-0.4462,8.72391,3.06687391608719
MELHO_SKIN,-0.5887,8.043830999999999,2.16504115079323
RL_HAEMATOPOIETIC_AND_LYMPHOID_TISSUE,-0.0277,10.52976,4.712903101042901
G361_SKIN,-0.5683,8.171535,2.7307666643193595
NCIH647_LUNG,-0.0769,8.063203,2.41796103487428
GMS10_CENTRAL_NERVOUS_SYSTEM,-0.8886,7.171637,1.73926001227366
SEM_HAEMATOPOIETIC_AND_LYMPHOID_TISSUE,0.0516,9.83375,3.84306256992798
HLFA_LUNG,-0.0046,8.819283,2.7813458047516
42MGBA_CENTRAL_NERVOUS_SYSTEM,-0.0811,7.265614999999999,1.29849068006856
HCC44_LUNG,-0.0764,8.507421,2.99170365373198
KYSE70_OESOPHAGUS,0.2106,9.582405,3.78330072299035
GAMG_CENTRAL_NERVOUS_SYSTEM,-0.3749,7.7943820000000015,1.95890533529127
NCIH522_LUNG,-0.1137,9.373654,3.8625149642665697
EN_ENDOMETRIUM,0.0433,6.608917999999999,1.3140920986930902
PK59_PANCREAS,0.6895,9.126018,3.4242169164178504
COLO741_SKIN,-0.2306,7.462142999999997,1.8006237634471598
HDMYZ_HAEMATOPOIETIC_AND_LYMPHOID_TISSUE,-0.242,7.959917999999999,2.09781883884282
NCIH661_LUNG,-0.3154,8.280691000000001,2.54305731588159
LNCAPCLONEFGC_PROSTATE,-0.9114,8.536128999999999,2.59572153184188
LS411N_LARGE_INTESTINE,-0.3519,8.484439,2.7513185917690404
HCC78_LUNG,-0.023,8.422146000000001,2.38762058850617
YKG1_CENTRAL_NERVOUS_SYSTEM,-0.1629,8.201141,2.89941150684277
ESS1_ENDOMETRIUM,0.0125,8.600062,3.35258176183744
U251MG_CENTRAL_NERVOUS_SYSTEM,0.0049,7.553452,2.3332790317317205
TE11_OESOPHAGUS,-0.1363,8.711333999999999,2.57819449688176
KS1_CENTRAL_NERVOUS_SYSTEM,0.193,9.25001,3.31238610596465
HEC1A_ENDOMETRIUM,-0.057,8.837572999999997,3.18059120407536
TE1_OESOPHAGUS,-0.251,8.260022,2.69287948327688
JHUEM2_ENDOMETRIUM,0.3921,7.862435,2.1965180834009703
RERFLCAD1_LUNG,0.0869,8.883851,3.2467590066059704
TE5_OESOPHAGUS,0.0683,9.227577,3.5301177922904503
KELLY_AUTONOMIC_GANGLIA,1.0569,9.873645,3.96404829064563
NCIH1155_LUNG,-0.0368,5.822424,0.918221602167891
TE15_OESOPHAGUS,-0.3166,8.421118,2.2917138261696004
ABC1_LUNG,0.3429,9.664928,3.74648428572762
8MGBA_CENTRAL_NERVOUS_SYSTEM,-0.1415,9.147002,3.2731654194128903
NCIH1703_LUNG,0.3953,9.233587,3.0443345808631497
AGS_STOMACH,-0.0345,8.768549,2.7960287133298
QGP1_PANCREAS,-0.0074,8.331339,2.76661908392594
DETROIT562_UPPER_AERODIGESTIVE_TRACT,-0.4191,8.561406,2.36410499121898
BT474_BREAST,-0.2208,9.581784,3.8974438909417497
ACHN_KIDNEY,0.3492,8.707104,3.19518819990131
LOVO_LARGE_INTESTINE,-0.0945,9.369423,3.5493194692593097
NCIH1581_LUNG,0.4194,9.431846,3.4005486706420203
SCABER_URINARY_TRACT,0.0183,9.312991,3.1333909094248904
SKMEL30_SKIN,0.0859,8.892864,2.673200148402
OVKATE_OVARY,-0.9657,8.620856,2.7568966942908104
22RV1_PROSTATE,-0.0847,8.701894,3.6523574700207297
C32_SKIN,-4.2855,4.99728,-0.568666910699134
PANC0327_PANCREAS,1.2558,8.782932,2.4897842752214903
RPMI8226_HAEMATOPOIETIC_AND_LYMPHOID_TISSUE,-0.4525,8.466356,2.52644276335938
ES2_OVARY,0.1997,8.178030999999999,1.90813347172302
NCIH1395_LUNG,-0.3016,7.826148,2.18053369066298
NCIH1781_LUNG,-0.2793,8.214095,2.08591538176859
LS1034_LARGE_INTESTINE,0.0072,9.004961,3.00439587996713
G402_SOFT_TISSUE,-0.0658,8.146525,2.7522174928902503
NCIH146_LUNG,0.0516,8.738747,3.10914836463854
SW48_LARGE_INTESTINE,-0.0607,9.206959,3.91583279820294
CHP212_AUTONOMIC_GANGLIA,0.0207,9.649767,4.50642780810356
LS180_LARGE_INTESTINE,0.0109,9.489135,3.6574460284444
SW403_LARGE_INTESTINE,0.062,8.892232,3.4178902339094104
NCIH747_LARGE_INTESTINE,0.0745,8.969225999999997,3.11340119033131
RT4_URINARY_TRACT,-0.299,8.815928,2.92846921897276
KATOIII_STOMACH,-0.1581,8.536792,3.07694310827066
BDCM_HAEMATOPOIETIC_AND_LYMPHOID_TISSUE,0.0076,10.0303,4.14405277576168
SW1417_LARGE_INTESTINE,0.0507,8.500582000000001,2.59205731203901
SW948_LARGE_INTESTINE,-0.4632,8.15671,3.0534276172525097
HS606T_BREAST,0.0024,8.931023,2.91172423649435
MDAMB415_BREAST,-0.649,8.210164,2.40679836319286
DMS79_LUNG,-0.7428,5.039926,-2.64772429447744
NCIH2106_LUNG,-0.7122,6.187825,1.1007611369923702
SW579_THYROID,-0.087,8.685602000000001,2.81331236830939
MDAMB468_BREAST,0.1157,8.199847,2.7123490950447406
NCIH526_LUNG,-0.5257,7.340019,2.05387651017845
TOV112D_OVARY,-0.2115,8.435387,2.6970473040865097
BT549_BREAST,0.1934,7.1756,2.17560969944078
NCIH2196_LUNG,-0.6731,8.622895,4.04445782449507
CAL851_BREAST,-0.2477,7.900372,2.31724905384494
EFO21_OVARY,-0.2056,8.0999,2.92501305965427
A375_SKIN,0.1371,8.600518,2.6808737038091897
HT29_LARGE_INTESTINE,-0.0037,8.753333999999999,3.1122334733226205
NCIH446_LUNG,-0.4567,6.710273,1.5236173483621898
HS294T_SKIN,-1.4424,4.352356,-0.253666003228612
SKMEL5_SKIN,-0.2802,8.268054,2.58717273300061
HS944T_SKIN,0.1192,7.214649,1.87562834671139
TCCPAN2_PANCREAS,-0.0092,8.85485,3.95602761719352
RMGI_OVARY,-0.0352,7.387977999999999,1.29028481638695
PC3_PROSTATE,-2.399,4.456244,-3.24657674931177
K562_HAEMATOPOIETIC_AND_LYMPHOID_TISSUE,0.7418,7.855558,2.5469787454789103
RT112_URINARY_TRACT,0.0016,8.244081,2.47537993046306
NUGC3_STOMACH,-0.2025,7.866845,2.11834895477647
U87MG_CENTRAL_NERVOUS_SYSTEM,0.0806,8.211704,2.86832493400752
CAKI2_KIDNEY,0.111,8.674425999999999,2.9297001519069
OE19_OESOPHAGUS,-0.3346,8.184277,2.4593600720804902
KMRC2_KIDNEY,0.0159,9.001859,3.2716170448961
JHH2_LIVER,-4.4114,4.7812519999999985,-3.9636355301221697
IM95_STOMACH,-0.0386,9.612684,3.57574696348078
MV411_HAEMATOPOIETIC_AND_LYMPHOID_TISSUE,-0.0287,10.82185,4.976409680020192
WM2664_SKIN,-0.2201,7.190795,1.8814407454124096
KMRC1_KIDNEY,0.0044,7.131621000000001,1.22972390657079
KM12_LARGE_INTESTINE,0.0446,8.792705,3.49418284034204
T84_LARGE_INTESTINE,0.1355,8.792551,3.01692982582728
CALU1_LUNG,-0.4327,8.111216,3.05074410764417
LOXIMVI_SKIN,-0.0756,8.251126,2.53643351287023
NCIH2170_LUNG,-0.4848,7.422188,2.02614922306008
SQ1_LUNG,0.063,8.653518,2.925576079992
AN3CA_ENDOMETRIUM,0.3769,7.637233,1.98208289138561
NCIH2444_LUNG,-0.1273,7.422217999999999,2.52435435410074
UACC257_SKIN,-0.5838,7.907717,2.16586953572649
KYSE510_OESOPHAGUS,-0.2169,8.658334,3.01861636389288
MOLM13_HAEMATOPOIETIC_AND_LYMPHOID_TISSUE,-0.132,10.18331,4.19336488221645
HUPT4_PANCREAS,0.0346,8.517645,2.5585258150178
KYSE30_OESOPHAGUS,-0.0613,9.175505,3.41761562202306
KYSE150_OESOPHAGUS,-0.0036,8.135378999999999,2.61250622252132
PSN1_PANCREAS,0.4869,9.278033,3.43628149461832
NCIH1299_LUNG,-0.4227,7.073441000000001,1.77021482762232
PATU8988T_PANCREAS,0.8161,8.571147999999999,2.66038854957522
IGR37_SKIN,-0.6151,7.574317999999999,2.16025306370421
LN443_CENTRAL_NERVOUS_SYSTEM,-1.486,7.812847,2.0410526636055497
SLR23_KIDNEY,0.1781,8.652869,2.77286404597761
HMEL_BREAST,0.0658,7.682509,2.68406381065635
OELE_OVARY,-0.0048,8.083714,2.6683042877900296
LN235_CENTRAL_NERVOUS_SYSTEM,-4.4949,3.966508,-5.25304711008482
SLR24_KIDNEY,0.0454,8.348582,2.30848277226279
EWS502_BONE,-1.0558,7.025015,0.8639854557295501
SALE_LUNG,0.7695,7.830491,2.45530401470954
HCC2814_LUNG,-4.4742,5.007015,-3.74190688162162
TIG3TD_LUNG,-0.002,9.123061,3.02324488014772
SF172_CENTRAL_NERVOUS_SYSTEM,0.106,8.550875,2.60026808268978
PRECLH_PROSTATE,-0.0264,8.424673,2.13315899217398
U343_CENTRAL_NERVOUS_SYSTEM,0.0831,9.911066,3.9449318470290695
SLR25_KIDNEY,-0.2414,8.146465,2.17674429075842
U178_CENTRAL_NERVOUS_SYSTEM,-0.8793,6.551345,0.671423043192622
HEKTE_KIDNEY,0.0376,8.56819,2.83602039288539
SLR26_KIDNEY,-0.0968,8.423364999999999,2.68353470392116
SF767_CENTRAL_NERVOUS_SYSTEM,-1.0251,8.277828999999999,2.25423816314608
A1207_CENTRAL_NERVOUS_SYSTEM,-0.436,7.914047999999997,2.34180328618275
LN319_CENTRAL_NERVOUS_SYSTEM,-0.0444,9.14418,3.34535015199522
HCC364_LUNG,0.1915,9.952629,4.39095074202047
LN382_CENTRAL_NERVOUS_SYSTEM,-0.1653,7.728727,2.28536566988108
SLR21_KIDNEY,-0.0986,9.029756,3.44039802748652
LNZ308_CENTRAL_NERVOUS_SYSTEM,-0.1379,6.661978,1.38408190459476
LN340_CENTRAL_NERVOUS_SYSTEM,-0.0645,8.533926,3.0200124490292994
SLR20_KIDNEY,0.0591,8.712812,3.28852437140138
EW8_BONE,0.0082,7.819547,2.13380306247979
UOK101_KIDNEY,-0.3305,8.132843,2.26899723089261
JHESOAD1_OESOPHAGUS,0.3678,9.040311,3.17893408156555
CH157MN_CENTRAL_NERVOUS_SYSTEM,0.0586,7.059002,1.28848959118043
MOLP2_HAEMATOPOIETIC_AND_LYMPHOID_TISSUE,-0.0607,9.631,3.2777221466733395
SCC25_UPPER_AERODIGESTIVE_TRACT,0.1359,8.442022999999999,2.34201035512412
MHHNB11_AUTONOMIC_GANGLIA,0.2166,10.35308,3.73673491259329
HCC1806_BREAST,0.8982,9.166877,2.8190432473728504
GRANTA519_HAEMATOPOIETIC_AND_LYMPHOID_TISSUE,0.1039,10.03894,4.119988643218891
MONOMAC6_HAEMATOPOIETIC_AND_LYMPHOID_TISSUE,0.0562,10.95359,4.90317520962775
MKN7_STOMACH,-0.5732,7.7040289999999985,1.66151292966254
SW1710_URINARY_TRACT,0.2692,8.701358,3.49458205680601
MOLT13_HAEMATOPOIETIC_AND_LYMPHOID_TISSUE,0.0089,11.41011,5.75170269259138
SR786_HAEMATOPOIETIC_AND_LYMPHOID_TISSUE,-0.16399999999999998,10.18697,4.37097601782281
SCC15_UPPER_AERODIGESTIVE_TRACT,-0.569,7.641674000000001,1.93301423670618
NCIH2126_LUNG,-1.2183,8.781761999999999,2.93437035594763
NCIH1385_LUNG,-0.3247,8.739991999999999,2.67263704719746
HCC827_LUNG,-0.345,8.646383,2.48503966684775
RD_SOFT_TISSUE,-0.0183,7.6383,1.85717850256344
TT_THYROID,0.1211,9.003694,3.09240052200438
TF1_HAEMATOPOIETIC_AND_LYMPHOID_TISSUE,0.3334,9.476772,3.37826826050738
HS172T_URINARY_TRACT,-0.0041,9.799574,4.863182515287309
TE125T_SOFT_TISSUE,-0.0031,9.249024,3.7805195431873
8305C_THYROID,-0.5308,8.384342,2.04351964051026
UACC812_BREAST,0.1392,8.99362,3.2603612408919003
ALLSIL_HAEMATOPOIETIC_AND_LYMPHOID_TISSUE,0.0156,11.16041,4.888893343484192
KASUMI2_HAEMATOPOIETIC_AND_LYMPHOID_TISSUE,0.0407,10.15718,4.11794504098477
DND41_HAEMATOPOIETIC_AND_LYMPHOID_TISSUE,0.1015,10.63307,4.71310538246775
ME1_HAEMATOPOIETIC_AND_LYMPHOID_TISSUE,-0.019,9.678229,3.99929194568595
DM3_PLEURA,-0.6489,8.656755,2.86828951095654
JEKO1_HAEMATOPOIETIC_AND_LYMPHOID_TISSUE,0.2479,8.915141,2.4229073333506
JJN3_HAEMATOPOIETIC_AND_LYMPHOID_TISSUE,-0.4258,9.752004,4.62503456229107
NUDHL1_HAEMATOPOIETIC_AND_LYMPHOID_TISSUE,0.9561,10.75965,4.73514476597836
CL14_LARGE_INTESTINE,0.1461,8.257347,2.1886188761888503
KYO1_HAEMATOPOIETIC_AND_LYMPHOID_TISSUE,-0.0022,8.460515,1.9857249596349
JL1_PLEURA,0.0415,8.887865,2.75490421623242
CAL148_BREAST,-0.0132,8.598435,2.53375010156256
NALM19_HAEMATOPOIETIC_AND_LYMPHOID_TISSUE,0.0027,10.44876,4.628008925395879
HPBALL_HAEMATOPOIETIC_AND_LYMPHOID_TISSUE,0.0233,9.223107,3.1321579803877206
SUPT11_HAEMATOPOIETIC_AND_LYMPHOID_TISSUE,-0.7239,9.716107,4.04028252942177
CL40_LARGE_INTESTINE,-0.0369,8.6176,2.7095647216307004
MDAMB134VI_BREAST,0.0736,9.832358,3.5980276172751804
HCC1500_BREAST,-0.6145,9.611611,3.6897310096587206
HCC1599_BREAST,0.092,9.459287,3.20761344733278
OCIAML3_HAEMATOPOIETIC_AND_LYMPHOID_TISSUE,-0.0733,10.33733,3.80701651879112
SUDHL10_HAEMATOPOIETIC_AND_LYMPHOID_TISSUE,-0.9975,10.09261,4.41638031663503
SUDHL4_HAEMATOPOIETIC_AND_LYMPHOID_TISSUE,-0.0942,10.61224,4.73363974668517
RH41_SOFT_TISSUE,-1.0132,6.68013,0.784718705136638
OCILY19_HAEMATOPOIETIC_AND_LYMPHOID_TISSUE,-0.0002,10.45568,4.21288061501592
MOLM6_HAEMATOPOIETIC_AND_LYMPHOID_TISSUE,0.474,10.6256,4.52412200231088
SKMM2_HAEMATOPOIETIC_AND_LYMPHOID_TISSUE,-0.0958,10.4387,4.01439597566578
KASUMI6_HAEMATOPOIETIC_AND_LYMPHOID_TISSUE,0.4747,10.56566,4.22250189642448
HS698T_LARGE_INTESTINE,-0.0022,9.019045,2.87504492598605
UACC893_BREAST,-0.4938,8.528315,2.64429826879304
MINO_HAEMATOPOIETIC_AND_LYMPHOID_TISSUE,-0.016,10.02248,3.78936419110415
CHP126_AUTONOMIC_GANGLIA,-0.0392,9.397575,2.96251885426927
COLO680N_OESOPHAGUS,-0.4412,7.5069979999999985,1.9462305809421203
COLO678_LARGE_INTESTINE,0.371,8.654346,2.94128362491158
LAMA84_HAEMATOPOIETIC_AND_LYMPHOID_TISSUE,0.0167,9.321959,3.1390316711692297
CMLT1_HAEMATOPOIETIC_AND_LYMPHOID_TISSUE,0.0161,11.63289,5.77853588592962
EHEB_HAEMATOPOIETIC_AND_LYMPHOID_TISSUE,0.0063,10.09761,3.80449668921193
CAL54_KIDNEY,-0.2239,7.2078630000000015,2.02894676318697
BV173_HAEMATOPOIETIC_AND_LYMPHOID_TISSUE,0.0084,10.18506,3.84061246267095
DOHH2_HAEMATOPOIETIC_AND_LYMPHOID_TISSUE,-0.0101,10.70581,4.207032199278372
EOL1_HAEMATOPOIETIC_AND_LYMPHOID_TISSUE,-0.0905,10.46054,3.80553557478768
NALM6_HAEMATOPOIETIC_AND_LYMPHOID_TISSUE,0.0415,10.40345,4.71560878422722
VMCUB1_URINARY_TRACT,0.1136,7.950336,2.49150743858945
LP1_HAEMATOPOIETIC_AND_LYMPHOID_TISSUE,0.1845,10.44029,4.6217257104800975
LXF289_LUNG,0.0084,8.934508000000003,3.18774411441291
MONOMAC1_HAEMATOPOIETIC_AND_LYMPHOID_TISSUE,-0.975,9.007353,3.2282923183992005
PL21_HAEMATOPOIETIC_AND_LYMPHOID_TISSUE,-0.3675,9.779915,3.40894748457736
PF382_HAEMATOPOIETIC_AND_LYMPHOID_TISSUE,-0.8144,9.637312,3.7232746166037898
NALM1_HAEMATOPOIETIC_AND_LYMPHOID_TISSUE,0.022,10.4807,4.46991167037787
OCIAML2_HAEMATOPOIETIC_AND_LYMPHOID_TISSUE,-0.0704,10.97862,4.46782902860054
MHHCALL3_HAEMATOPOIETIC_AND_LYMPHOID_TISSUE,0.0614,10.9193,5.01503300424325
JURLMK1_HAEMATOPOIETIC_AND_LYMPHOID_TISSUE,0.0701,9.862653,3.4445005729745497
OCIAML5_HAEMATOPOIETIC_AND_LYMPHOID_TISSUE,-0.4754,10.20547,3.679455078749069
KE37_HAEMATOPOIETIC_AND_LYMPHOID_TISSUE,-1.6617,4.538882,1.33846505210486
JK1_HAEMATOPOIETIC_AND_LYMPHOID_TISSUE,-0.009000000000000001,9.244907,3.0859012842425297
RI1_HAEMATOPOIETIC_AND_LYMPHOID_TISSUE,-0.0525,9.305673,3.1823008391736
KARPAS422_HAEMATOPOIETIC_AND_LYMPHOID_TISSUE,-0.6699,10.27582,4.26658654451329
L540_HAEMATOPOIETIC_AND_LYMPHOID_TISSUE,-0.5404,9.036394,2.9060169344337403
CAL78_BONE,-0.0378,9.028505,3.4095218474385103
HDQP1_BREAST,-0.6295,8.459206,1.96035525858118
MHHCALL4_HAEMATOPOIETIC_AND_LYMPHOID_TISSUE,0.0151,11.28436,5.17055577233041
MUTZ5_HAEMATOPOIETIC_AND_LYMPHOID_TISSUE,0.0367,11.44067,5.5084251608868895
ONCODG1_OVARY,0.0024,9.010542999999998,2.80622656956002
HDLM2_HAEMATOPOIETIC_AND_LYMPHOID_TISSUE,0.1029,9.073829,2.9706460598557096
CAL29_URINARY_TRACT,0.1025,8.97653,2.8404756045616
KOPN8_HAEMATOPOIETIC_AND_LYMPHOID_TISSUE,0.0285,9.331216,3.29814887174174
SCLC21H_LUNG,-0.8446,8.033591,1.92652457608212
CALU3_LUNG,-0.4211,7.955914,2.19227414967561
NCIH1435_LUNG,0.1925,8.262675999999999,2.727807058375669
NCIH2009_LUNG,-0.1609,9.017299,2.8948727042152
NCIH1869_LUNG,0.2205,9.078483,3.46307330091555
HS852T_SKIN,0.0127,10.38939,4.01967148570414
HCC1419_BREAST,-0.1977,8.772039999999999,2.78424563337066
BT483_BREAST,-0.2886,8.513458,2.6260131027128
HS281T_BREAST,-0.0004,8.820486,2.52542594062578
HS934T_SKIN,-0.0088,8.795115,2.69743477922471
HCC4006_LUNG,0.2566,9.465627,3.0858400313228302
HCC1428_BREAST,0.1807,9.868444,3.65308330375034
KU812_HAEMATOPOIETIC_AND_LYMPHOID_TISSUE,0.615,9.477663,3.21543701721565
SHP77_LUNG,-0.8625,6.561364,0.341762574506959
TE441T_SOFT_TISSUE,-0.0366,8.9352,3.29597585260931
NB1_AUTONOMIC_GANGLIA,-0.2192,8.965751,3.06706650115412
HS274T_BREAST,-0.0021,8.883341999999997,2.94249231241542
PFEIFFER_HAEMATOPOIETIC_AND_LYMPHOID_TISSUE,-0.0903,9.693792,3.2792282734329303
ZR7530_BREAST,0.1172,9.284523,3.07593249273964
HS863T_BONE,0.0008,8.914147,3.1408207234518097
NCIH841_LUNG,-0.0597,8.506166,2.56274760441167
HS821T_BONE,0.0143,8.936952,2.85199222076748
NCIH1944_LUNG,-0.0846,8.878964999999997,2.70986788964826
NCIH2405_LUNG,0.0869,9.026581,3.0409134144674104
DEL_HAEMATOPOIETIC_AND_LYMPHOID_TISSUE,-0.113,10.16923,4.08018075592091
BEN_LUNG,-0.7896,7.0943830000000005,1.51451578107763
COLO320_LARGE_INTESTINE,-0.2405,7.733003999999997,1.72028058643812
RPMI8402_HAEMATOPOIETIC_AND_LYMPHOID_TISSUE,-0.1093,9.939574,4.07874125081692
SUDHL1_HAEMATOPOIETIC_AND_LYMPHOID_TISSUE,-0.1454,10.28347,4.57155939528438
P12ICHIKAWA_HAEMATOPOIETIC_AND_LYMPHOID_TISSUE,-0.3039,8.852160000000003,3.2504988052903
BFTC905_URINARY_TRACT,0.2022,8.751339999999999,3.20391580565858
BFTC909_KIDNEY,0.2202,8.823033,3.1628748593308105
MHHES1_BONE,-0.0906,8.904511999999997,2.9896243863792207
JVM3_HAEMATOPOIETIC_AND_LYMPHOID_TISSUE,-0.0049,9.855893,3.69519483228757
NOMO1_HAEMATOPOIETIC_AND_LYMPHOID_TISSUE,-0.0061,10.76628,4.306044022653681
NCIH727_LUNG,-0.3088,8.311354,2.2549931167499904
HS343T_BREAST,-0.0045,8.667669,2.45955756697902
HCC2935_LUNG,-0.1014,9.145055,3.01691707755192
HS888T_BONE,-0.006999999999999999,9.227982,3.0528199228335287
MKN45_STOMACH,0.2108,9.036776,3.09141181867535
8505C_THYROID,-0.3814,8.208102,1.94486207307343
KU1919_URINARY_TRACT,-0.0764,8.517731,2.57657856903861
KCL22_HAEMATOPOIETIC_AND_LYMPHOID_TISSUE,-0.1418,9.715948,3.29452021112257
CADOES1_BONE,-0.0566,8.404732000000001,2.00432798043953
S117_SOFT_TISSUE,1.0626,6.727175999999999,1.0208414509663
EM2_HAEMATOPOIETIC_AND_LYMPHOID_TISSUE,1.4157,9.24678,2.7540211629460902
OPM2_HAEMATOPOIETIC_AND_LYMPHOID_TISSUE,-2.4644,11.4691,4.7158573882918
CAL62_THYROID,0.0394,8.677195,2.7322601885659
LCLC103H_LUNG,-0.1201,8.044172,1.89992847642152
JURKAT_HAEMATOPOIETIC_AND_LYMPHOID_TISSUE,0.0555,10.22274,4.35253717756778
697_HAEMATOPOIETIC_AND_LYMPHOID_TISSUE,0.0473,9.983076,3.56590521967103
MHHCALL2_HAEMATOPOIETIC_AND_LYMPHOID_TISSUE,-0.0273,10.47058,4.284210583845041
M07E_HAEMATOPOIETIC_AND_LYMPHOID_TISSUE,0.0042,10.0261,3.96472142019602
L428_HAEMATOPOIETIC_AND_LYMPHOID_TISSUE,-0.0365,9.092851,2.60390779963356
MOLT16_HAEMATOPOIETIC_AND_LYMPHOID_TISSUE,-0.001,10.32888,4.65528853760877
NB4_HAEMATOPOIETIC_AND_LYMPHOID_TISSUE,0.2552,9.905576,3.3820190567356403
LCLC97TM1_LUNG,-0.0113,9.190116,3.0184951375474705
2313287_STOMACH,-0.0507,9.769049,4.40721653834073
BHT101_THYROID,0.1865,9.123905,3.27256415145587
JVM2_HAEMATOPOIETIC_AND_LYMPHOID_TISSUE,-0.0076,9.022765,3.17842095038536
CAL51_BREAST,0.0047,8.730589,3.3098432382034395
L363_HAEMATOPOIETIC_AND_LYMPHOID_TISSUE,-0.097,9.886158,4.441451227535991
KMH2_HAEMATOPOIETIC_AND_LYMPHOID_TISSUE,0.4222,8.827630000000003,2.86915467739714
SIMA_AUTONOMIC_GANGLIA,0.0369,8.618901,2.4933306869856
NUDUL1_HAEMATOPOIETIC_AND_LYMPHOID_TISSUE,0.0751,11.07761,5.13657110780583
BC3C_URINARY_TRACT,-0.0066,8.748449,2.3213001527806
SUDHL6_HAEMATOPOIETIC_AND_LYMPHOID_TISSUE,-0.0404,10.80338,5.006922692303919
KARPAS620_HAEMATOPOIETIC_AND_LYMPHOID_TISSUE,-0.4354,9.802175,3.63108044723359
REC1_HAEMATOPOIETIC_AND_LYMPHOID_TISSUE,0.2695,10.1003,4.29712995918985
OCIM1_HAEMATOPOIETIC_AND_LYMPHOID_TISSUE,0.2477,9.874602,3.8432875669348094
MEC1_HAEMATOPOIETIC_AND_LYMPHOID_TISSUE,-1.2525,10.09639,3.43928406522408
SIGM5_HAEMATOPOIETIC_AND_LYMPHOID_TISSUE,-0.6709999999999999,9.533038,3.42622315829852
SUDHL5_HAEMATOPOIETIC_AND_LYMPHOID_TISSUE,0.046,10.21525,4.49746631594906
BCPAP_THYROID,-0.0394,9.615221,3.55473919327281
639V_URINARY_TRACT,0.0407,9.045825,2.7899306840861704
CL11_LARGE_INTESTINE,0.0705,8.625902,2.53209108160738
TT2609C02_THYROID,0.3055,8.679901,3.01828135366746
CL34_LARGE_INTESTINE,0.1057,9.926159,3.3716867920920097
RCHACV_HAEMATOPOIETIC_AND_LYMPHOID_TISSUE,0.6907,9.943315,3.39424770896788
CAL120_BREAST,-0.4854,8.955907,3.02198252044612
647V_URINARY_TRACT,-0.29600000000000004,7.970064999999999,1.60900036194807
RH18_SOFT_TISSUE,0.1723,8.571914999999999,2.40777655269204
MOLM16_HAEMATOPOIETIC_AND_LYMPHOID_TISSUE,0.2721,8.961285,2.9807145240033104
F36P_HAEMATOPOIETIC_AND_LYMPHOID_TISSUE,0.1728,9.488602,3.44085801814288
EJM_HAEMATOPOIETIC_AND_LYMPHOID_TISSUE,0.0777,9.870005,3.7691739994308704
WSUDLCL2_HAEMATOPOIETIC_AND_LYMPHOID_TISSUE,-1.0651,4.802418,0.738440313740111
JIMT1_BREAST,-0.3097,7.781495,1.84395171215747
ML1_THYROID,0.3392,8.886821000000003,3.19326395373933
AMO1_HAEMATOPOIETIC_AND_LYMPHOID_TISSUE,-0.2289,9.847557,3.3326184555048104
MOLP8_HAEMATOPOIETIC_AND_LYMPHOID_TISSUE,-1.0604,8.991173,2.6080536519323902
JHUEM7_ENDOMETRIUM,-0.0004,8.512678,2.3692603946099
OE21_OESOPHAGUS,-0.0381,8.506041999999999,2.55406674961972
NCIH2073_LUNG,-0.2338,9.238086,3.11619925800436
HNT34_HAEMATOPOIETIC_AND_LYMPHOID_TISSUE,0.0203,9.428184,3.3058933594002498
PLB985_HAEMATOPOIETIC_AND_LYMPHOID_TISSUE,0.0068,10.06743,3.94231242974999
SKNO1_HAEMATOPOIETIC_AND_LYMPHOID_TISSUE,0.067,10.7486,4.8833266204538
MOLT3_HAEMATOPOIETIC_AND_LYMPHOID_TISSUE,-0.0497,9.844173,4.05224730216319
HOP62_LUNG,0.2668,9.026947,3.13485666067048
EKVX_LUNG,0.116,9.620684,3.73156204268072
UO31_KIDNEY,-0.1421,7.996761,2.4526125200129902
SF268_CENTRAL_NERVOUS_SYSTEM,-0.2677,8.364158,1.80550664495294
SF539_CENTRAL_NERVOUS_SYSTEM,-4.9097,4.1002800000000015,-5.04343542508056
SNB75_CENTRAL_NERVOUS_SYSTEM,-0.4255,9.25132,3.21399784691827
HOP92_LUNG,-0.0054,8.830447999999997,2.90810698604758
C8166_HAEMATOPOIETIC_AND_LYMPHOID_TISSUE,-0.0557,8.585073,2.35163711582601
CACO2_LARGE_INTESTINE,0.1008,8.598205,2.46281564238727
INA6_HAEMATOPOIETIC_AND_LYMPHOID_TISSUE,-0.4116,9.242395,3.36563588819021
NHAHTDD_CENTRAL_NERVOUS_SYSTEM,0.0061,8.161633,2.4829210517385
OCIMY5_HAEMATOPOIETIC_AND_LYMPHOID_TISSUE,0.0684,10.23393,4.22011258786453
OCIMY7_HAEMATOPOIETIC_AND_LYMPHOID_TISSUE,-0.2174,10.02397,3.41786590332113
OPM1_HAEMATOPOIETIC_AND_LYMPHOID_TISSUE,-2.0283,10.91529,5.05358273226233
SIHA_CERVIX,-0.1444,8.804524,3.2084600237965604
