Condition,Change in Serum Cholesterol
Diet,-8.366617794943718
Diet,-23.688542255617715
Diet,-28.985024897668005
Diet,-10.934096575366832
Diet,-17.90410336287208
Diet,-11.714519576215588
Diet,-13.621508882943484
Diet,-2.238696164395069
Diet,-2.035789036655604
Diet,-13.574634544804823
Diet,-37.144697266667464
Diet,-8.383400119278864
Diet,-7.3123080728351555
Diet,-2.5163373269379203
Diet,-13.46228023731686
Diet,2.4361597525790426
Diet,-14.249474150728718
Diet,-2.1399255460185707
Diet,-1.3106744699441943
Diet,-26.299848708036585
Diet,-13.327150033593368
Diet,3.279267130633805
Diet,-11.121770894505588
Diet,-11.403542130484038
Diet,-18.790537912711684
Diet,-22.37153078590258
Diet,-18.36416320227341
Diet,-10.911482281317724
Diet,-30.067866538004203
Diet,0.6847539382995826
Diet,-21.924202661712208
Diet,-8.273971856147895
Diet,-41.72909328803395
Diet,-2.1710700253963005
Diet,2.055036124295162
Diet,-11.574425048221379
Diet,-21.711191240385915
Diet,-21.510422890327433
Diet,-28.09437093532695
Diet,-31.009805558222613
Diet,-32.27151655107426
Diet,-6.830349439102877
Diet,15.84865044949608
Diet,-13.356987458995203
Diet,-18.562208731758215
Diet,-22.718350936853597
Diet,0.5286434372804756
Diet,-12.50640041366343
Diet,-6.708165052905744
Diet,2.430312511145406
Diet,-5.1069731740734765
Diet,-17.30223222574073
Diet,-19.844771059284685
Diet,-2.999867202164161
Diet,-33.591334659467236
Diet,-18.087889386442047
Diet,-1.6684174792196131
Diet,4.3098245457158875
Diet,12.155103874651957
Diet,-6.332010342193304
Diet,-24.60875193219595
Diet,-20.262541014118
Diet,-0.6526993566643835
Diet,-14.610639039308417
Diet,-9.000512510577384
Diet,3.900341715711175
Diet,15.09849942193706
Diet,-16.014533449549106
Diet,-5.509351649074505
Diet,-16.70651085698965
Diet,-4.003161183182419
Diet,-22.981392555650345
Diet,-23.107836207242734
Diet,-23.137400121667277
Diet,-6.236591103671831
Diet,6.553291451665679
Diet,-21.530337924434477
Diet,-38.14471170669775
Diet,-17.256763282121295
Diet,-2.4268626993120765
Diet,-12.509177650053589
Diet,-0.21308690416627485
Diet,-2.3085127465397832
Diet,-23.39729848360485
Diet,0.9580679006997386
Diet,-10.632809046492866
Diet,-1.5825080303621473
Diet,13.599176150340377
Diet,-13.95490429464456
Diet,-20.548699070331125
Diet,-24.71214328950989
Diet,-42.387001884176456
Diet,-13.829148677454894
Diet,-34.747151576543004
Diet,-10.806177146044005
Diet,-11.774448767332336
Diet,-5.928834624467503
Diet,-24.15412717521498
Diet,-21.249889480786933
Diet,-5.072218943137856
Diet,-25.830442285373284
Diet,-8.038519869445144
Diet,-24.777091278878576
Diet,-17.928328821049952
Diet,-30.119537030752657
Diet,-12.28921418214514
Diet,-14.83377053424601
Diet,-2.4872464454432546
Diet,-14.545140878922075
Diet,-15.967388499480048
Diet,-9.848391492631672
Diet,-33.05018491333151
Diet,-5.827184756540038
Diet,-4.871070218312134
Diet,-16.260323143790576
Diet,-15.628759120723162
Diet,-20.7520538540129
Diet,-40.549058224862314
Diet,-12.661150128166035
Diet,-23.850356874773624
Diet,-14.677946649489673
Diet,-4.809478085640665
Diet,3.353649415409034
Diet,1.984165287666384
Diet,-21.092192222677486
Diet,-20.009135335157442
Diet,-20.229162877415174
Diet,-19.915042711438694
Diet,-33.43510852680115
Diet,-1.7144405050213258
Diet,-20.584071879493536
Diet,-7.331419075672996
Diet,-3.0590765316796737
Diet,0.6305148934422551
Diet,-17.337264257674214
Diet,-18.93145704085923
Diet,-3.7786055112952646
Diet,3.5984694192711437
Diet,-16.723979970108854
Diet,1.16306795609432
Diet,-28.25398604802918
Diet,-43.09958036889392
Diet,-6.529387234636362
Diet,-21.274157859201832
Diet,-30.89651777521848
Diet,-20.620162898267292
Diet,0.26768721981241583
Diet,-0.13478549618169033
Diet,-14.470392182943302
Diet,-0.24240558356883213
Diet,-9.621568810482481
Diet,-14.234264536670327
Diet,2.2620201153352504
Diet,-20.40531310788475
Diet,-19.96649968720143
Diet,-14.45700691327187
Diet,-28.10044792307039
Diet,-8.653723551447385
Diet,-10.271939057285117
Diet,-21.364804641879072
Diet,-26.889275057350375
Diet,-2.1282222529348687
Diet,-1.9655026860288114
Diet,-32.3556370446115
Diet,-13.188044031846012
Diet,-5.239324273072318
Diet,5.170292496988054
Diet,-15.220976477203457
Diet,-16.84370447207921
Diet,-0.23738038682278528
Diet,-25.447061190007407
Diet,-11.884594105415355
Diet,-22.84046495125677
Diet,-7.223714612056093
Diet,-20.027508027063867
Diet,-26.039529175562073
Diet,-5.030625698764651
Diet,-17.870842293199782
Diet,-21.108260765797635
Diet,-24.548332126895414
Diet,-4.950194574718708
Diet,-8.219925231728022
Diet,1.7073300783734435
Diet,-13.107866202122961
Diet,-5.220040601573764
Diet,-18.229631579981756
Diet,-31.017649634196466
Diet,-13.352271508200374
Diet,10.489833942689152
Diet,-4.953820827421662
Diet,-5.949199581857333
Diet,-1.1900352119402537
Diet,8.231594856252205
Diet,-4.896147748434645
Diet,-2.768225900133638
Diet,-6.4017609862987825
Diet,0.48693105225499345
Diet,9.002124146460979
Diet,-19.02328773423321
Diet,-24.252631581222584
Diet,3.3359661788931803
Diet,7.805149407653488
Diet,-20.633843435992546
Diet,-33.71733455752279
Diet,-10.410154410933027
Diet,-31.504065789738927
Diet,-12.779844706001787
Diet,-11.346351623563805
Diet,4.484080174689691
Diet,6.993549840489578
Diet,-0.23558145217586457
Diet,-25.561137082922293
Diet,-13.87684254706854
Diet,5.37736936310198
Diet,-35.77820924712452
Diet,-16.9287825239987
Diet,-16.5223133406596
Diet,-22.425627956359545
Diet,-43.575772649513354
Diet,-16.092428868939795
Diet,-14.942213963541331
Diet,-16.028270312410182
Diet,-18.27963320141837
Diet,-18.48757582320323
Diet,-22.26528801486154
Diet,-14.47028995251389
Diet,-40.99463536169835
Diet,14.062867595025065
Diet,-6.653482203476624
Diet,-5.961333579972649
Diet,-37.882609413046346
Diet,-23.73118269994874
Diet,-25.38412920235436
Diet,-6.21752107670696
Diet,-7.7834579609067465
Diet,-7.633542596158654
Diet,-30.116537103902203
Diet,-22.86450885520894
Diet,-16.145018767207816
Diet,-29.32560929632591
Diet,-32.728057828253355
Diet,-23.75341650422736
Diet,-8.899478624498055
Diet,-27.697633296865614
Diet,-6.576279227880553
Diet,-25.142268756148532
Diet,7.103489622505961
Diet,-20.827731125527045
Diet,-16.522401921812307
Diet,-9.174061843602319
Diet,-37.59955099672376
Diet,-23.25986179132905
Diet,-14.908067436142117
Diet,-6.298889663234431
Diet,3.8721952797091888
Diet,-7.291072786039637
Diet,-5.708554494813232
Diet,-5.407876480354235
Diet,-8.710190441438945
Diet,-15.978152818657117
Diet,-39.089468314042655
Diet,-1.2726597228304577
Diet,-0.12163589019732157
Diet,-25.552747566366143
Diet,-24.51022925604201
Diet,-7.440143002382396
Diet,-11.994706944338876
Diet,-14.668144194784835
Diet,-19.31664217106666
Diet,-27.991195773386586
Diet,-21.472460881453706
Diet,-21.447010735169
Diet,-17.01131113228462
Diet,-9.831955834057524
Diet,-9.03411494479287
Diet,11.208638171739771
Diet,-8.264011029304193
Diet,-15.749155275876266
Diet,-16.548589906927738
Diet,-25.915670516433806
Diet,-19.56975203548707
Diet,-9.65808254508168
Diet,-2.7796667951739753
Diet,-15.544953053367628
Diet,-2.481378250993872
Diet,-19.00236108012454
Diet,-24.52587006974897
Diet,-1.837122939095881
Diet,-10.053476658063168
Diet,-24.113694896899123
Diet,-17.631358813563907
Diet,-50.927253095319394
Diet,-32.99201137520778
Diet,-14.508485378703249
Diet,-26.019856489115277
Diet,-7.327342052618546
Diet,-1.2735054349376185
Diet,10.122638135143983
Diet,-5.7399177820422755
Diet,-27.41496743315235
Diet,-21.4232558427844
Diet,0.08997020806534195
Diet,-16.48611509440819
Diet,-31.149314214750618
Diet,2.2984455865334166
Diet,-22.070691351786756
Diet,-14.292447530633114
Diet,-27.47973852277223
Diet,-21.711265046088442
Diet,-3.3852353387777665
Diet,-10.975062399438471
Diet,-25.333328978288293
Diet,-6.616265141826425
Diet,-17.237122521219423
Diet,-7.31098418804607
Diet,-7.389701246151527
Diet,-23.45708981085044
Diet,-3.7466286659468704
Diet,-27.276672664599666
Diet,-13.66169119217064
Diet,-18.571915048914875
Diet,-6.4541883611373745
Diet,-18.673265352966745
Diet,0.8818780842295304
Diet,-0.16279474948490602
Diet,-3.513133393620862
Diet,-4.089432777266147
Diet,0.08603499536697967
Diet,-16.894603621474573
Diet,-17.476783158144773
Diet,-31.602209628185594
Diet,-29.87618959396913
Diet,-23.171829220442536
Diet,-34.16703184382685
Diet,-3.306064542433351
Diet,5.311658598850624
Diet,-30.043523493518876
Diet,-13.950133685350568
Diet,-11.820840480647046
Diet,-11.99038996581516
Diet,-19.637895493248223
Diet,-25.77121773958504
Diet,-2.4082354224540428
Diet,-21.882758774841463
Diet,-10.749191684605965
Diet,15.025964052292693
Diet,2.068131486809907
Diet,-16.218725686936565
Diet,12.063783043239518
Diet,-28.450092598945073
Diet,6.82018916734458
Diet,-18.533091981658856
Diet,-4.72957394173125
Diet,-10.838185055231042
Diet,-16.555770324770126
Diet,-3.606332934863298
Diet,-4.396340646758439
Diet,-8.143113305522931
Diet,-1.0239491520554616
Diet,-40.492271527464496
Diet,5.265164948692963
Diet,-4.054146366291064
Diet,-0.2982509498725143
Diet,-3.694105823903209
Diet,-1.2455790019670605
Diet,-34.058490247205675
Diet,-35.75547758356684
Diet,8.20006547863505
Diet,8.329773313867566
Diet,-26.306463726550284
Diet,-22.355807754880168
Diet,6.27099163867852
Diet,-5.611178653450409
Diet,-6.820614754828794
Diet,-18.733394278412263
Diet,-20.5779714533386
Diet,-18.05907979504541
Diet,-13.938226687568138
Diet,-8.492383477045832
Diet,1.7460626466255373
Diet,-1.860251517012074
Diet,2.281678405933869
Diet,-5.39635606024083
Diet,-35.065575085858896
Diet,9.851259016262325
Diet,-13.468970073711995
Diet,-31.497203113123952
Diet,-19.95866384797172
Diet,-5.01824433263209
Diet,-10.053551677384334
Diet,-3.4135670063524977
Diet,4.388306247469313
Diet,-15.495736374821721
Diet,0.6178586481335842
Diet,-18.593912199505947
Diet,2.0333780339578684
Diet,-6.979980551118249
Diet,-24.42713908303748
Diet,-5.4575186439307855
Diet,-18.733054118650244
Diet,-20.788356561718356
Diet,-43.52147935323518
Diet,-0.7717399915127849
Diet,-15.166657764510576
Diet,4.442465769794879
Diet,-2.7996861560352055
Diet,18.412677116748252
Diet,-7.039278706228016
Diet,-28.027616811814944
Diet,-5.037731920658936
Diet,-1.4506301753884863
Diet,-25.288597684827195
Diet,-5.520415622189811
Diet,-26.029718164327676
Diet,-19.57774981701554
Diet,-4.473162484060538
Diet,-10.719584931394728
Diet,-43.20656673138767
Diet,-6.1197594424462665
Diet,-23.080340631923768
Diet,2.7779281958640105
Diet,-19.350353393144893
Diet,-10.633885026741908
Diet,-20.047768350050884
Diet,2.730601697497713
Diet,-9.691826891743649
Diet,-2.2732750104216617
Diet,-25.067625861763055
Diet,-22.026933502708328
Diet,1.3086880615386711
Diet,-22.40178109937076
Diet,2.2794258906306037
Diet,-26.19483618716859
Diet,-23.521357595678065
Diet,-10.070801032637238
Diet,-13.715601899278472
Diet,-12.097245477085355
Diet,-0.3761804886523912
Diet,-28.54718167836894
Diet,6.936169543088205
Diet,-15.574209998086783
Diet,-4.279499781433241
Diet,24.434805586386645
Diet,-21.140074117194793
Diet,-3.8023821191202476
Diet,-21.908048568306
Diet,-41.33613958569971
Diet,-10.529086688617822
Diet,-15.347939792685848
Diet,-13.009044008086052
Diet,-7.71274962549151
Diet,-5.569519614201008
Diet,-36.602278357768945
Diet,-2.1329103927231117
Diet,-18.188513026183447
Diet,-7.335248825180684
Diet,-6.327794739750278
Diet,-25.358275021377416
Diet,-22.614627504033667
Diet,-23.752446245165242
Diet,-22.700830809729105
Diet,-27.197473303103436
Diet,-26.994077505412744
Diet,-10.379536513197806
Diet,-36.67611071831098
Diet,-36.80048192052895
Diet,-15.409140508651094
Diet,-20.10828222099423
Diet,-13.490370690003605
Diet,-6.445000054229951
Diet,-13.252428645696897
Diet,-3.2378976351744075
Diet,-8.098064529582784
Diet,-19.46529609159333
Diet,-16.404870120866192
Diet,-13.099462774201546
Diet,-25.45093322013993
Diet,5.12441178750635
Diet,-17.123756926241374
Diet,-12.818609862312726
Diet,-21.653006958305795
Diet,6.136365167192253
Diet,-42.74117311225485
Diet,-14.29676883096117
Diet,-29.27995337289857
Diet,7.056884945932065
Diet,-10.336191950396934
Diet,-7.495896672734703
Diet,-17.730583981778302
Diet,18.55194870577511
Diet,2.590849451858059
Diet,-1.314022209136727
Diet,-7.80267110526488
Diet,-18.61625813000333
Diet,-6.525770841500172
Diet,-39.261365857627176
Diet,-21.08330254371378
Diet,-3.4973878455279426
Diet,-13.231321522183052
Diet,-29.28396771757463
Diet,-17.17408752093629
Diet,-7.509724203401152
Diet,-48.67396987021602
Diet,-16.994656597103198
Diet,-41.48370934167884
Diet,-18.521780779758863
Diet,-42.482787459662234
Diet,3.7847009593193164
Diet,-9.90099914996215
Diet,-25.38011988439417
Diet,-22.107586045205284
Diet,0.9496736316920753
Diet,-15.821392793217914
Diet,-37.35376273447321
Diet,-13.804283674472657
Diet,-1.2595868609043723
Diet,1.6567025726902411
Diet,-11.398380506130824
Diet,-13.448987636354865
Diet,-16.48683666199933
Diet,-19.27494986499274
Diet,0.4423630650762007
Diet,-14.744525801031864
Diet,4.395949889854911
Diet,-5.732604061214835
Diet,-18.766051301162587
Diet,-17.508771144730595
Diet,-30.163313916496215
Diet,-2.1703950028693004
Diet,-27.438828578070083
Diet,-20.901956443564732
Diet,-0.17745289598330594
Diet,-17.72290300462753
Diet,-9.676804027723827
Diet,-13.918586907071253
Diet,-9.410450847296902
Diet,-22.16574982549224
Diet,3.42321419334505
Diet,-23.063579178838744
Diet,-11.117827085242043
Diet,1.3878078543960157
Diet,-9.02210662978827
Diet,-19.256445136697756
Diet,-16.01870807111102
Diet,-26.99322547336616
Diet,-23.636742041479167
Diet,-43.25626857637299
Diet,-18.970034596629684
Diet,-4.455216815950246
Diet,-19.071481202387528
Diet,7.994195793709736
Diet,-19.55396249016986
Diet,-5.97208655507419
Diet,-0.5071017737685946
Diet,-9.585238037147727
Diet,-13.386905763832646
Diet,-27.68645250525445
Diet,21.550961483719313
Diet,-4.284103872063051
Diet,-14.950929357640677
Diet,-8.553124432776542
Diet,-18.831641403853453
Diet,-0.661058589413031
Diet,0.9111154832069346
Diet,-0.12797599875151633
Diet,-14.397771700663725
Diet,-10.976016000863712
Diet,-15.586000908784108
Diet,-7.117344499416368
Diet,6.7584269551611165
Diet,-8.192924237577532
Diet,-24.814747918812053
Diet,-25.1036657383972
Diet,-35.77076350012933
Diet,-24.767367744840087
Diet,0.7774885941644527
Diet,7.722544905105337
Diet,-37.514638555494756
Diet,-0.7619056884520976
Diet,-2.4304544888148634
Diet,0.6442257268062406
Diet,-9.061891538723719
Diet,-11.71361471562676
Diet,-13.775019740041746
Diet,-13.066592106079838
Diet,-25.56489073726095
Diet,-7.187053772086349
Diet,-12.703995946401886
Diet,-0.20754557420485753
Diet,-20.050451814617855
Diet,-3.0833251460165556
Diet,-22.899421355710906
Diet,-3.2408877681986006
Diet,-12.94736135735358
Diet,23.226457071236872
Diet,-18.295462154518553
Diet,-23.261902709807217
Diet,-1.4910138382698204
Diet,-18.158485919919386
Diet,0.09183492835862062
Diet,-31.59275036742523
Diet,9.312377684511691
Diet,-12.981182411446973
Diet,2.519715484884081
Diet,-19.956108757853936
Diet,-12.714027044307958
Diet,-18.74335506660584
Diet,-18.59318579628009
Diet,-19.961877496175244
Diet,0.9317293368895392
Diet,9.443609245823808
Diet,-9.716008678602506
Diet,-5.375889733217335
Diet,22.516536647948158
Diet,-11.482099134302075
Diet,-8.031426035458335
Diet,-11.491552683796481
Diet,-3.8219339321075267
Diet,-22.931527565352177
Diet,-14.433358004485193
Diet,-12.811656730312391
Diet,-27.472664139514762
Diet,-30.232407614266034
Diet,-12.824798608670568
Diet,6.963114281257081
Diet,3.8875118506063338
Diet,-24.974236292100066
Diet,-6.8927517084453
Diet,-8.584075098712946
Diet,-15.426062653060608
Diet,-14.370478542521948
Diet,-4.143494991946795
Diet,-36.54933067158152
Diet,-7.975935508456517
Diet,-13.282823752516364
Diet,-2.5515803933404353
Diet,-15.947646867021312
Diet,-17.603821187925835
Diet,-22.5297761959306
Diet,-2.421816842333339
Diet,-7.34351530926548
Diet,-26.181584670685215
Diet,-4.546225893687227
Diet,-9.420331784764283
Diet,-19.27082869105685
Diet,-14.93478492793066
Diet,-6.506480305591295
Diet,-1.8491648890360306
Diet,-32.41709930413003
Diet,5.211216304622578
Diet,-11.530304696704746
Diet,-17.842946790440173
Diet,-30.536707398480207
Diet,-0.572046050199587
Diet,-20.080621583844625
Diet,-17.61317445027351
Diet,-25.643781777667215
Diet,-10.21831683124571
Diet,-28.775780519897125
Diet,-0.09944795869619405
Diet,-28.49501208556198
Diet,-12.857312518157126
Diet,-28.36034428603363
Diet,-25.39616148577973
Diet,2.7959153891282096
Diet,-11.840648296384789
Diet,-13.76352231370831
Diet,-8.910019123150704
Diet,-15.853721950163951
Diet,-12.010995534592896
Diet,-28.32902622247427
Diet,-0.9329798144344092
Diet,-4.785237516590973
Diet,-25.97557711348057
Diet,5.572156790444083
Diet,-7.378248352616229
Diet,-1.7952864165359053
Diet,-21.345061069451916
Diet,-16.63249688257676
Diet,5.4147868453069385
Diet,-30.05699970997934
Diet,0.637757624373279
Diet,-22.388202327166884
Diet,-13.862864186210665
Diet,2.9420132995734427
Diet,-22.158454442453973
Diet,25.208250211575432
Diet,-9.45613574572956
Diet,-17.94723118859233
Diet,-7.691139552034913
Diet,15.613938149871053
Diet,-2.3293280974540433
Diet,1.8451448794688758
Diet,-12.580520600301059
Diet,-22.870393942483204
Diet,-26.69679203017456
Diet,-4.211192041686468
Diet,-21.98321808579863
Diet,-20.764046480091192
Diet,-6.935899774758928
Diet,-20.147962013407017
Diet,-16.705112875519944
Diet,-10.868752439068752
Diet,16.094158109986857
Diet,-14.771419328444875
Diet,-14.444349255555112
Diet,-17.736043776518716
Diet,-4.924326908927608
Diet,-4.842980989165111
Diet,-1.3153169558987425
Diet,14.164816355153622
Diet,-9.896124021029149
Diet,-16.078974853129854
Diet,-0.9306707590574863
Diet,-4.05855997422341
Diet,-23.63923498086529
Diet,-10.50052695627468
Diet,-40.64966170170874
Diet,-18.785515922794037
Diet,-48.462933867405994
Diet,-2.809945090555832
Diet,-6.4946905058010564
Diet,-7.75725349632125
Diet,-20.076503029632207
Diet,-26.110029017115902
Diet,-35.84952626635485
Diet,-15.903492428574879
Diet,-18.900305300222804
Diet,-19.849824330318615
Diet,-15.144491651186701
Diet,-3.2128133319212235
Diet,-17.99196991434918
Diet,-35.10821685511857
Diet,-2.2661224955559476
Diet,-9.573623922858474
Diet,-30.267714728119344
Diet,14.747747120120977
Diet,-14.039425955834355
Diet,-10.765566310820105
Diet,-5.6236007215924255
Diet,-15.306085497529187
Diet,-21.276085416650904
Diet,-17.59324033384332
Diet,-24.20382958896527
Diet,-18.250836894120766
Diet,-9.008892849706701
Diet,-26.925031939189093
Diet,-21.15148303668674
Diet,0.9851846515794378
Diet,-1.303804983604861
Diet,-15.171742939353518
Diet,-19.498975173187027
Diet,-6.335971297132991
Diet,-27.874922060316315
Diet,-24.427167731929327
Diet,2.7039078732077897
Diet,-14.406786008009538
Diet,-22.39745550664928
Diet,-6.0430009701156004
Diet,-2.046787737897816
Diet,5.628968330841467
Diet,-8.754297328471587
Diet,-2.957545161126749
Diet,-2.3705189004242957
Diet,-7.077915174202474
Diet,-22.977026104280952
Diet,-20.40826757928238
Diet,6.235569875211265
Diet,-18.04806948497476
Diet,-2.687363941133519
Diet,-21.26890209407177
Diet,-28.35649543572564
Diet,-17.210183814151357
Diet,-13.430545656294425
Diet,-9.905699702409475
Diet,-15.128579146788635
Diet,-3.238078459108019
Diet,-13.174530234729094
Diet,16.53556936989488
Diet,10.093503702029281
Diet,9.69854409515326
Diet,-6.600678134788412
Diet,-11.709451360314851
Diet,-22.048735228316133
Diet,-15.196838105214589
Diet,-7.939745609940736
Diet,-39.66587932015814
Diet,-6.892536529315359
Diet,-5.21745727961706
Diet,-14.862647892131005
Diet,-16.134529138377836
Diet,-8.51751752643112
Diet,-9.910560788040065
Diet,-11.813201095074763
Diet,-4.135312452210123
Diet,-3.8460689229027203
Diet,-15.495255397537537
Diet,-17.9710894703006
Diet,-6.783643961578848
Diet,-36.780156560254106
Diet,18.12753845118688
Diet,-5.562143934508168
Diet,-31.115734886892206
Diet,-25.507200049394765
Diet,-5.559203693157636
Diet,-30.859393647579665
Diet,-4.918417858645288
Diet,-10.25867344534264
Diet,-17.994396956926742
Diet,-18.95691407469931
Diet,-8.565776652568015
Diet,-15.078598915262726
Diet,-7.90560293789304
Diet,-24.242295378457833
Diet,-8.283396797653374
Diet,8.375372903222502
Diet,-10.100084508873909
Diet,-25.58402012619838
Diet,-10.152553021485353
Diet,-16.867521773154124
Diet,-3.459824449670915
Diet,-16.20545144145583
Diet,-26.918945702903635
Diet,-25.426623331378682
Diet,5.370630658490434
Diet,-15.990450345892842
Diet,-16.547644551264817
Diet,-8.430088988332615
Diet,-19.31111780744007
Diet,-31.59615045322774
Diet,-2.9238866994193042
Diet,-0.8888201344699915
Diet,-5.375564090953274
Diet,-1.7161961212984327
Diet,9.49996829699218
Diet,-13.849570700809197
Diet,-28.204327215746297
Diet,0.6658966191394224
Diet,-15.171939434982981
Diet,-14.270860808554708
Diet,-36.376292249080976
Diet,-15.443820936325368
Diet,-13.47987631280313
Diet,-6.540325827608216
Diet,-30.683860855450344
Diet,-10.67743061428078
Diet,-46.830306709974096
Diet,4.05739542996654
Diet,-35.46006252682457
Diet,-3.074271880898607
Diet,-16.041959991080283
Diet,3.4616626520064386
Diet,9.658505394472623
Diet,12.73759063095633
Diet,-8.195640624785316
Diet,-15.198484343975435
Diet,-3.3195000325429476
Diet,-6.593969454577034
Diet,1.3599284293122178
Diet,-24.95505192765082
Diet,-39.307257288414114
Diet,-32.43883812727834
Diet,-15.604417913521079
Diet,-34.12773739905789
Diet,3.0657223257231436
Diet,-23.37276706343885
Diet,7.024449591574189
Diet,4.019039189851323
Diet,-28.99861184115084
Diet,10.316650486092954
Diet,-9.3331145003954
Diet,-12.97199651025035
Diet,-20.162568999205625
Diet,-15.65688935389727
Diet,-24.34244528555827
Diet,-13.551610303158538
Diet,-16.698154286075518
Diet,-1.7079856287127555
Diet,20.898804035961845
Diet,11.691113113956902
Diet,-1.8195217137079656
Diet,-26.88875014910448
Diet,-17.50160137463494
Diet,15.11567326093708
Diet,-25.83738546072662
Diet,3.6171820621296575
Diet,-19.97164669427056
Diet,-22.86871371173884
Diet,-31.95641575488688
Diet,-6.873102161676061
Diet,-8.541397183287717
Diet,-25.725433395921936
Diet,-7.586607866621968
Diet,8.989942690272457
Diet,-29.9481999901587
Diet,-11.360191136910922
Diet,-6.755364937114669
Diet,-17.79836941907628
Diet,-38.46573339298282
Diet,-30.44398223310226
Diet,-21.588312799560576
Diet,-24.186654007866117
Diet,-33.67002653520219
Diet,-10.421695537579648
Diet,-9.737772820954103
Diet,-13.01394789393423
Diet,-25.321700916094414
Diet,-29.35781898874975
Diet,-36.40992589106245
Diet,-28.107099363752123
Diet,-20.915602542690337
Diet,6.346315329365066
Diet,-8.226622734093652
Diet,-16.16041198820826
Diet,-10.65934659327752
Diet,-3.6185547723967098
Diet,-12.478763136744302
Diet,-1.2356475581952964
Diet,2.237350609060579
Diet,-3.1712813697411466
Diet,-4.885086951375834
Diet,-28.33248448864599
Diet,-15.629275844343336
Diet,17.71674817595916
Diet,-35.05087543858744
Diet,-4.049740780726777
Diet,-19.189105230236123
Diet,-29.82485893038172
Diet,1.2467156143794682
Diet,-27.277492109430867
Diet,-31.882830751338012
Diet,-15.84098686288179
Diet,-9.789488647535366
Diet,-9.702082891668896
Diet,6.041524176687773
Diet,5.561819067829774
Diet,7.879648651876096
Diet,-10.292299536224853
Diet,-4.890252018038559
Diet,-18.016583609221637
Diet,-36.04647598286742
Diet,-25.778653255008955
Diet,0.5176379181315482
Diet,-13.880192563858547
Diet,2.2278452661715935
Diet,-12.959426883965167
Diet,-7.01656904418219
Diet,-18.851206249444633
Diet,3.5075507416744287
Diet,-6.237323041967923
Diet,-29.855377521693754
Diet,-17.203562228901887
Diet,4.226488831099488
Diet,-21.45307271429803
Diet,-22.015413795371224
Diet,-2.3858443482199423
Diet,-5.0179148606560995
Diet,-13.033445249384556
Diet,23.773126679937825
Diet,-18.571142282581377
Diet,-14.00073066055619
Diet,-2.887946104647604
Diet,-14.41616923121097
Diet,-13.572556130954132
Diet,-13.829102893714879
Diet,-14.46902204493724
Diet,-26.054879398651224
Diet,-5.342835818018237
Diet,-0.5357706969686618
Diet,-13.392083747557228
Diet,-30.599773434068577
Diet,-4.65078054746669
Diet,-45.217153493187865
Diet,-30.356815745240546
Diet,-4.491995744986349
Diet,-19.161862012334602
Diet,0.2744585577434222
Diet,-16.302781701818322
Diet,-17.143718183516835
Diet,-23.58834423333986
Diet,-8.161903445522938
Diet,-10.294791736614735
Diet,-18.647447689946198
Diet,-16.79057103718598
Diet,-27.256917710678437
Diet,3.7512244556533076
Diet,-13.837772063959624
Diet,4.668451305913365
Diet,-19.383750436010924
Diet,-13.906186539148537
Diet,-21.093707650886074
Diet,-15.57008951424726
Diet,-29.531498636238638
Diet,-31.34750701760155
Diet,-2.139809068123947
Diet,-18.71342604405975
Diet,-7.243263521236843
Diet,-7.558330736871501
Diet,-5.731583974508354
Diet,-21.61406624348572
Diet,5.100349910069461
Diet,5.193969121523608
Diet,-16.362497301002126
Diet,-23.064767980679974
Diet,-15.956650518048384
Diet,1.3574954075294485
Diet,-20.575205484433646
Diet,-0.6684237210097663
Diet,-11.252431399555967
Diet,-11.29215965972772
Diet,-22.98518093940576
Diet,-19.170147961425563
Diet,-25.623201788109405
Diet,-23.285150969320593
Diet,-21.538612117764615
Diet,-11.63857947210802
Diet,-6.434725761847584
Diet,-3.8220517055952357
Diet,1.294114432017425
Diet,-6.710721204028776
Diet,4.820258895769683
Diet,14.00914626414945
Diet,-18.167606068998158
Diet,-24.70264149329158
Diet,-12.989481488219258
Diet,-10.857184979846847
Diet,-23.602354501192906
Diet,-13.95973731015885
Diet,-21.701201976883723
Diet,-1.0584056085275826
Diet,-37.34902765813922
Diet,-12.931396208862818
Diet,-14.096096578696354
Diet,-29.521761997927083
Diet,-34.43951386252529
Diet,2.323792920656084
Diet,-8.646536295200177
Diet,-39.92850376486044
Diet,-35.46648126934468
Diet,-13.183114333290023
Diet,-32.50825975037646
Diet,-23.555333017009826
Diet,-16.776677867564665
Diet,-5.005603233608946
Diet,-14.41007575488968
Diet,-13.235574331233854
Diet,-17.59723751381365
Diet,-12.83730230082665
Diet,-28.56456044430727
Diet,5.9602218860211025
Diet,-35.45427346112222
Diet,-5.334072832363332
Diet,-14.065437391006109
Diet,-23.1159320721259
Diet,-3.1516288169249123
Diet,-3.2030324077999133
Diet,-7.386451714008737
Diet,-12.155686423127829
Diet,8.377676088059705
Diet,-5.408111080718912
Diet,3.5390200691833122
Diet,3.0483638038946097
Diet,-9.273252260901073
Diet,-9.501780602761377
Diet,-23.182622515011772
Diet,-18.850267975331793
Diet,-14.041171062928473
Diet,-19.489256929804494
Diet,-18.29672601710236
Diet,-20.217325136569414
Diet,-17.226217265191995
Diet,-12.825347670612727
Diet,-19.0641856700723
Diet,-33.39044577411724
Diet,-0.9494200147231933
Diet,0.698653225593505
Diet,-21.277830251074718
Diet,-15.829036887036452
Diet,-9.540177033860596
Diet,-14.029513024615728
Diet,11.244004795826477
Diet,-11.40682020569167
Diet,-21.73753598028369
Diet,-7.00603536470984
Diet,2.5603206508605574
Diet,2.2556374405013973
Diet,-11.253159130330278
Diet,-12.11984883369836
Diet,-6.94850016651855
Diet,-1.3239727822945042
Diet,-20.738424217690724
Diet,-45.03298098308988
Diet,-6.292525279954911
Diet,-31.73613822476275
Diet,-13.426287135967588
Diet,5.616208299388568
Diet,-12.837027078441592
Diet,6.4775667237080725
Diet,-9.89559895260585
Diet,-2.0929712126034
Diet,2.3546610213556125
Diet,-31.475954381506373
Diet,-20.551872324612752
Diet,-30.05446799484618
Diet,-15.517294775803244
Diet,-20.264320295301992
Diet,-28.89533640020239
Diet,13.837117248345574
Diet,-14.65539162955206
Diet,-31.772745861653846
Diet,-14.869665249765044
Diet,-10.617966591369031
Diet,2.997205054719945
Diet,-33.980868484456025
Diet,-26.513440647562902
Diet,-10.210253088178849
Diet,-18.41375264434185
Diet,-29.061625508347717
Diet,-1.9921203696474272
Diet,-29.51449994280024
Diet,-12.0711741514251
Diet,-25.732674603040937
Diet,-12.509625171646269
Diet,-3.1879457766332244
Diet,-16.866708506732657
Diet,-15.682561642596156
Diet,-10.197304304189325
Diet,-8.753798927550347
Diet,-39.835080191434486
Diet,-24.693852070026608
Diet,-12.636403115322208
Diet,28.42715748766414
Diet,-13.804456679567073
Diet,-25.34843430699977
Diet,-7.280938158991139
Diet,-1.3967968725442628
Diet,-14.016766794447076
Diet,20.62154242961479
Diet,-27.605522404935456
Diet,-29.58179513322798
Diet,7.484689753103826
Diet,-11.173738179208293
Diet,-20.08304460643891
Diet,-20.588520269325073
Diet,-9.980746238443931
Diet,-35.887024653692116
Diet,-28.92212332225565
Diet,-28.27605559815246
Diet,-1.4693707102239042
Diet,-41.486303683973
Diet,-11.661331688847458
Diet,-30.941538392570816
Diet,-25.345978550123363
Diet,-38.91924897662891
Diet,-3.877578249877226
Diet,9.009484397082897
Diet,-12.835707456673362
Diet,-0.5449190768776457
Diet,-17.32641551750084
Diet,-0.13585241563348838
Diet,-5.9022078661833675
Diet,-2.416846631572062
Diet,-24.89273663187168
Diet,1.3254628509889486
Diet,-19.560963835328582
Diet,-11.48995311538371
Diet,-0.782338547830653
Diet,7.05197858909813
Diet,0.7354991396254658
Diet,14.167944852192022
Diet,-16.00578791480966
Diet,-30.950290007664368
Diet,-9.756182923579745
Diet,-4.022555076728736
Diet,-6.8140217880906
Diet,-32.46548995103011
Diet,-16.135174524187136
Diet,-22.084681112325192
Diet,-0.18707945656559666
Control,-16.71607791024136
Control,6.391658291729415
Control,-3.0956931055253873
Control,10.367824200240927
Control,-39.62510100115197
Control,7.968077787591174
Control,0.5428113057767006
Control,5.8349489547804465
Control,14.870965105027311
Control,16.922038571538355
Control,15.424119845428901
Control,-0.8317673669695421
Control,-1.5354373676538546
Control,-19.504454077798233
Control,34.36550045642118
Control,-6.367466101687825
Control,17.347078698703893
Control,-27.2190807313798
Control,18.281119957130787
Control,-4.567946219840184
Control,1.0830699138655082
Control,-8.429789623723353
Control,-7.594827535021592
Control,-2.1073039478158853
Control,0.36882245021777327
Control,8.212346862628264
Control,7.978611034650429
Control,8.558901791842192
Control,-5.043728904252426
Control,-24.854747396273307
Control,-5.0087659531131585
Control,8.488965182284089
Control,4.558921677156673
Control,-2.22033189949983
Control,-6.192031485558895
Control,-7.073725310081873
Control,-7.765155941801094
Control,-1.290896833458934
Control,6.542441872769899
Control,-6.6479391881397
Control,12.670702032723689
Control,2.412024141959425
Control,-13.669091857172855
Control,7.872953738802888
Control,5.445711730766332
Control,10.563745252011058
Control,1.6020417612588282
Control,0.39959544571771777
Control,11.72153630046021
Control,-16.306703450517407
Control,-3.086108272837526
Control,-22.113106542874537
Control,-4.602047325126406
Control,12.226415214193816
Control,0.5280925625259001
Control,-7.323627340073914
Control,0.6746236629201925
Control,-1.1050346437709402
Control,-4.426263375334076
Control,-8.021526456953053
Control,-11.773590954402236
Control,-7.976312326415041
Control,-0.5060867674804831
Control,-10.161056075191748
Control,-17.72733770261768
Control,6.663640198529291
Control,-15.75112499982493
Control,18.415285902541573
Control,-12.561175811173788
Control,-5.038195247079137
Control,2.740629021380285
Control,0.20546784536514662
Control,36.664405814234584
Control,-12.067435234202197
Control,14.081764317589794
Control,6.987536114476196
Control,-5.936001151950895
Control,9.939569956847269
Control,-10.098455109654108
Control,-20.908406800271766
Control,8.977298010608216
Control,0.5685700578225714
Control,-14.239090835989876
Control,-6.77930013487632
Control,20.257974253942244
Control,5.5369675129032006
Control,31.28055035266079
Control,2.3611565714061524
Control,-13.26270307323942
Control,-14.552696303394253
Control,15.035110993651408
Control,4.387780217467642
Control,-25.365985177680052
Control,12.80149355755876
Control,14.049699584833222
Control,-14.609922263879287
Control,6.925919643596049
Control,-23.974652900119782
Control,12.649108008993945
Control,-14.086746733359018
Control,-12.39789333246076
Control,-17.745032863097766
Control,10.110995032421592
Control,8.681800377159519
Control,0.7895987351071005
Control,10.650115624076287
Control,0.7780002019451058
Control,-15.833709116180652
Control,13.492235229708788
Control,1.914835831255966
Control,-7.132895053861201
Control,19.528870794244902
Control,27.911344078329073
Control,12.882959779907498
Control,-2.5230975325192153
Control,-8.179209486293859
Control,-10.63141204048345
Control,7.276607559748964
Control,4.255450536890804
Control,-10.82748605482885
Control,2.7915943579612263
Control,-32.05903072121541
Control,0.3547936982588935
Control,4.5537160452239664
Control,10.254963844100434
Control,-4.850822057339286
Control,-8.269510098042847
Control,18.038766994238035
Control,3.2342774831221703
Control,-13.341449691542454
Control,-26.82515880041515
Control,-2.93941600059273
Control,23.033445599399602
Control,-9.823840026899077
Control,-33.891699527336954
Control,-8.31301737146672
Control,6.832118721630179
Control,-4.240796435800089
Control,-7.9731001117251115
Control,1.2371956013563663
Control,-12.267204481257954
Control,-3.3646827970670423
Control,23.9791079035245
Control,5.1104186239251
Control,11.226123905913743
Control,8.87778580707321
Control,-3.1944703102933336
Control,-10.41713498364565
Control,-23.900423629562642
Control,-7.667840107922502
Control,27.10259677836414
Control,-5.025000681100225
Control,-30.123847831205968
Control,3.777605378627449
Control,-15.390354325957368
Control,16.536308797953726
Control,1.5333242288674076
Control,-34.17775332938827
Control,-4.655677271498652
Control,19.373800017453537
Control,-0.23197102293967742
Control,-1.8473484782328424
Control,2.3961715805511976
Control,-6.06056327947944
Control,-2.54573876037792
Control,-28.398732225338872
Control,5.086952840366378
Control,12.944603312533827
Control,10.737723335649115
Control,-18.07816730099289
Control,1.1322467657827384
Control,7.691947595847646
Control,-9.768993267782081
Control,17.507894317589127
Control,-10.968797885474636
Control,-0.4269698410315711
Control,21.62431481686269
Control,14.667240577943401
Control,22.436655376001127
Control,1.3660341460682726
Control,-0.36059773696857
Control,-2.4060937586239337
Control,34.02845233170556
Control,-3.313213624112077
Control,13.417454348379916
Control,-14.75837569040787
Control,2.2340777314445166
Control,11.180294041838875
Control,-13.160857774221274
Control,21.329604095326395
Control,7.048998335574925
Control,-8.518706884892719
Control,-2.611638729604438
Control,-11.35762431242575
Control,-3.2404271239272244
Control,-0.6882810884052437
Control,7.833711355119776
Control,-14.636570912840085
Control,14.223157578646843
Control,0.7412370702863318
Control,-0.45674205610504415
Control,12.623206957407547
Control,3.434277325960066
Control,-15.82597082379731
Control,13.052599628926066
Control,-32.23988910486723
Control,6.65813081150875
Control,16.37770632170402
Control,13.903184636502505
Control,0.04539784894498733
Control,-2.33856766726674
Control,30.05387151223416
Control,-0.7139193001422208
Control,-3.7058593487042004
Control,-18.21407470584318
Control,-27.416710490835754
Control,-8.555489435083416
Control,13.23216930857537
Control,-2.7615814907106078
Control,-7.724002067622778
Control,0.5567256895301629
Control,-28.7979397581627
Control,-13.523172939409482
Control,-25.37285704838226
Control,33.36980835437529
Control,-1.133193179812181
Control,8.12011045516714
Control,8.848557992241696
Control,20.92582508446807
Control,-11.828746964896272
Control,19.028029334047773
Control,10.898071271286975
Control,6.211631639373384
Control,-3.4758884613396552
Control,-2.047310096693289
Control,-15.243142598435604
Control,-0.23795887615246225
Control,30.925265778554547
Control,-3.9768095079081074
Control,14.323472070838132
Control,12.140039800508404
Control,4.92212491243789
Control,-16.820215844473832
Control,6.309083838310184
Control,-3.372247533124379
Control,-20.667280181450966
Control,-33.35093970969079
Control,11.557909901857421
Control,-5.4003036777563
Control,11.635273047887823
Control,0.9316271934006415
Control,4.080264763791947
Control,7.341143980509095
Control,0.7307121783614252
Control,-4.960129284097046
Control,13.680695237529815
Control,-16.066137479730777
Control,6.4486412525854195
Control,14.103029296473998
Control,-18.921804147829256
Control,11.332903881107145
Control,-4.849651966130795
Control,-9.672759448664825
Control,-17.040643289283178
Control,-11.682801364082751
Control,8.843909728960407
Control,-3.6634415574855055
Control,29.81224223341929
Control,-5.439653233337649
Control,0.4382828927235156
Control,-18.5381269029728
Control,13.950422627211147
Control,24.767681861231267
Control,6.147275697376664
Control,-7.393407498788207
Control,7.568539767519182
Control,16.362338609996023
Control,-5.363284869181176
Control,6.539687988132112
Control,-9.422280339906347
Control,9.368058846598087
Control,12.083788271253503
Control,-11.734613256150512
Control,-8.321957156772637
Control,-1.1829271210313288
Control,-9.030605992046596
Control,-1.1847304815194502
Control,-1.009268657946905
Control,-2.2585141295901234
Control,-13.566425725143757
Control,20.490574088731748
Control,12.257756314075827
Control,-2.6061470021504847
Control,-10.986634972988625
Control,5.841525597535217
Control,10.133083553286315
Control,5.605603580428279
Control,10.1720976472319
Control,26.75827859470946
Control,9.132502749021759
Control,-5.519790591490599
Control,1.423687136057875
Control,-25.241657694425403
Control,10.815156684574662
Control,6.400930685870587
Control,24.948750214575682
Control,6.690548347890065
Control,-11.293389511187062
Control,10.016934279421454
Control,9.737644644230903
Control,-7.532106452391783
Control,12.398430244013412
Control,-31.14169966187108
Control,-0.8959457500358735
Control,1.7434010791763073
Control,3.941988180644006
Control,-18.31481027137541
Control,-2.1636875470025565
Control,8.620263327360636
Control,-7.690865938180974
Control,7.374386676096556
Control,20.294125343250414
Control,5.124000702261626
Control,-0.06992372742336905
Control,6.580558405583628
Control,3.621159309551711
Control,6.56340691263823
Control,-17.838069471620535
Control,6.382769713106062
Control,0.37322413743340266
Control,-4.599641300061549
Control,-4.743003358658404
Control,-16.171295015967516
Control,17.74578928202853
Control,2.359641147153898
Control,-0.10622861636521408
Control,12.722735725546872
Control,-8.976363433727187
Control,4.247760737038255
Control,44.396125560463474
Control,-2.5163410235401216
Control,-28.940045990854117
Control,0.6683951947713009
Control,-11.525468520702965
Control,-17.702978261773264
Control,2.287872883985991
Control,0.5121181217776063
Control,-6.978568578979256
Control,-23.913242402293893
Control,-18.38835786132744
Control,8.142078917609268
Control,33.65042742682982
Control,6.732412909607588
Control,0.6792600948549521
Control,-19.38062835148763
Control,19.354371310794374
Control,0.5646481548467011
Control,2.877283475863578
Control,8.943562410978197
Control,2.3247250118681744
Control,-23.874619145090165
Control,-4.3016174776600185
Control,-7.110489968933449
Control,0.8281808118471001
Control,-10.51606598265459
Control,-14.609340239716738
Control,11.40161459586621
Control,4.359083563443271
Control,-19.2115514076593
Control,7.176630145432416
Control,1.6360709800909738
Control,4.715104380626903
Control,9.496202767424819
Control,1.2989718359031053
Control,-11.895945687941811
Control,9.216121511872341
Control,17.440693207965708
Control,-28.85272746383986
Control,-16.615244934190084
Control,-10.139370323023854
Control,-25.961955509035224
Control,-18.64715632304009
Control,-25.774987827987097
Control,1.6200097004607303
Control,12.525364285373394
Control,11.001426956812422
Control,6.276170263245929
Control,12.769468855291422
Control,5.925200447139772
Control,13.135111436977958
Control,-3.100194707095792
Control,-9.732103580676663
Control,17.827903995218364
Control,1.8054760710313773
Control,-16.8966648633272
Control,-20.41341648699895
Control,-28.396993016956102
Control,-18.267415613136453
Control,-38.87102394847482
Control,-21.213629700214874
Control,25.415720987857917
Control,5.937552375270907
Control,-9.667358504508314
Control,-13.315441682606194
Control,-5.08354871277139
Control,2.547559343377066
Control,17.225612947571484
Control,-25.134404660210695
Control,-20.29450540024409
Control,-21.050984058684158
Control,-10.487385612007735
Control,18.020236305395667
Control,-20.730172818742137
Control,-27.21459683264105
Control,22.413869208717394
Control,-1.6443781806040059
Control,-12.823998632090772
Control,13.713105965930856
Control,2.5672059853210936
Control,26.05799555895549
Control,-17.218742498807107
Control,17.052450835509294
Control,14.928336486481037
Control,-3.885730971741481
Control,-10.096372427058242
Control,12.601734033814813
Control,12.578780788677983
Control,1.965052034790622
Control,-5.924514355403223
Control,-3.7143789298501404
Control,27.3478651681287
Control,-6.761031092699834
Control,-11.721393778689716
Control,-12.056461358076412
Control,2.913865917545097
Control,21.255413823728112
Control,19.50536765129801
Control,1.572662760736192
Control,-7.118775177129096
Control,15.875220224530388
Control,-13.465218145637547
Control,0.27216790248240463
Control,10.434096176077638
Control,3.371235602428592
Control,-38.072322254021536
Control,-15.841063293037546
Control,8.07417300957866
Control,1.9734175588591305
Control,1.76388391717486
Control,-9.614811485490547
Control,-1.7642194177517152
Control,-14.807880609803927
Control,9.797042572101258
Control,0.1833117249186127
Control,5.739730500941023
Control,-3.9432705707060722
Control,-3.749092880003473
Control,-9.120421616355062
Control,24.055656334640755
Control,16.70549781241075
Control,11.321794739914873
Control,-1.124944571503119
Control,-17.492825708842357
Control,-7.6566796234292065
Control,-13.62274281391581
Control,23.350582190039933
Control,-9.263289087957032
Control,-16.13864635291444
Control,-0.8464643798288906
Control,-0.07926028591561596
Control,25.29071748356229
Control,-1.3839875903455583
Control,-9.731921155075103
Control,7.077011719334484
Control,17.83936733613845
Control,-15.48878497058098
Control,5.177807594423635
Control,-4.037480111178354
Control,-4.475844997557933
Control,0.6074626797535556
Control,-15.262785853072435
Control,12.364578501320585
Control,-5.315709511063189
Control,25.296834882107543
Control,35.093342696297206
Control,1.1949803536883277
Control,-2.126368922994658
Control,9.437284243239453
Control,-25.888135179486586
Control,-18.150745203634706
Control,-3.4128672918126357
Control,12.199596368498236
Control,-13.162085251118098
Control,9.233685668905975
Control,23.976847345247954
Control,-4.383623036888697
Control,7.3442909377377035
Control,-12.781506279660398
Control,-20.953000788846342
Control,-6.06890659160185
Control,-46.386020072907684
Control,-12.787491276886414
Control,-2.566872349243761
Control,-10.009675161082212
Control,-7.178132052579428
Control,2.5130926259062636
Control,13.566919514021068
Control,-9.416927983024618
Control,-3.048155282164192
Control,19.676953756976967
Control,-1.0303810724074045
Control,23.772658304834522
Control,6.471952380833561
Control,-2.881684378217062
Control,-43.065976427140484
Control,-3.2865780850947446
Control,-21.606693835329118
Control,8.110491647165478
Control,-11.505952726521029
Control,4.710724632541615
Control,18.41101094158783
Control,42.94774888785109
Control,11.41926655923338
Control,-16.63505352488817
Control,3.3484193667651976
Control,-15.290656481055482
Control,-1.7724855847696113
Control,1.1223781767950083
Control,-11.730713803024143
Control,-0.020892836182067165
Control,-11.807724076697047
Control,7.0048740892653285
Control,-4.630163700241788
Control,15.6253662674882
Control,3.8981805294623957
Control,18.06159194322653
Control,-13.681476355387698
Control,12.205600400740305
Control,1.8331919391487306
Control,14.58117237788354
Control,9.559010990855015
Control,-23.30558946079679
Control,11.370090618607609
Control,13.780095416140838
Control,9.648855863877882
Control,7.550782235010839
Control,12.919256066032736
Control,7.659782054022074
Control,-6.869607578426913
Control,14.163816541860346
Control,-14.70969557247624
Control,-7.282000650456019
Control,-15.154286233014462
Control,5.958446503409058
Control,13.380076439290661
Control,-19.958807355389567
Control,16.173137448219475
Control,-21.886726824466464
Control,-19.934379620804933
Control,26.39386373112374
Control,8.100273897893224
Control,-29.356486076791203
Control,6.124510195453885
Control,-5.053532996984703
Control,-21.915832016383963
Control,-20.68137369312055
Control,-2.122415016610801
Control,7.6649895157555274
Control,-4.271989152507855
Control,-15.770692355328025
Control,3.103744090682098
Control,-13.258171983777492
Control,15.702725565609516
Control,20.495510777641247
Control,-1.6567332577908982
Control,6.407382660785567
Control,-9.048499951394113
Control,-14.534543617038217
Control,6.244707891619467
Control,13.850518455397562
Control,-17.075463487746227
Control,-6.45104067934262
Control,-20.903374612406385
Control,12.472862552376903
Control,15.280106223777565
Control,-30.40659203018716
Control,24.883648180878165
Control,2.2542324881781814
Control,1.8513379724198509
Control,-17.333593312573377
Control,-11.681627386740663
Control,15.516498606189195
Control,-17.599264704965602
Control,-24.680922441356493
Control,0.8172690244883893
Control,-10.352813051690495
Control,-24.339604367741284
Control,11.414854072588238
Control,-23.770097868077343
Control,6.159644061915521
Control,16.743391449149176
Control,-14.383379214415129
Control,-15.715880468485963
Control,-10.922568216422665
Control,-10.765022074129321
Control,-4.552484775804679
Control,12.114808992718425
Control,10.794627829280573
Control,9.168745830365285
Control,-21.31744742436689
Control,-26.086707344995077
Control,-8.856928012790977
Control,1.5342750368752682
Control,-8.220831140765954
Control,-2.917573098389962
Control,8.871681514085823
Control,1.544560481236402
Control,-10.952282707348173
Control,27.704322696856362
Control,-34.57781090845146
Control,-12.060369428472693
Control,-8.637615588260896
Control,-9.923126379273366
Control,18.899298245427055
Control,5.157762696694277
Control,13.487810364144334
Control,2.3460142984722645
Control,3.9309319105318954
Control,8.777744877449933
Control,-8.967747577245019
Control,-25.373776761115987
Control,21.626400328539717
Control,-7.591255118968211
Control,-17.28269826943733
Control,10.960520710973682
Control,2.5320986370101743
Control,8.858966389933727
Control,-22.993621702064623
Control,-8.612263302666888
Control,-21.35036444680496
Control,0.00045150850128305997
Control,-12.196472709349168
Control,-18.016347241239664
Control,12.895667131703114
Control,-9.299255349102328
Control,-0.7236096402567853
Control,13.332033714498193
Control,5.70600742351148
Control,9.165517148296052
Control,10.727978685828344
Control,-5.982389840947506
Control,15.590061074671464
Control,6.980012840338573
Control,-27.402300828999373
Control,-16.873483248556347
Control,-12.14082141720164
Control,8.495051305317874
Control,6.335819910346027
Control,14.910272715748865
Control,-3.493194532837502
Control,2.0697812940518965
Control,-4.368663525670676
Control,-13.417710651946345
Control,11.849515797490685
Control,-8.32422065913806
Control,9.790715122792195
Control,-8.04392884503677
Control,19.213602841914554
Control,3.139435412880478
Control,-16.48766590041309
Control,-5.377666241468732
Control,-14.488425315335016
Control,-20.311062936072137
Control,-5.617351230383712
Control,15.408686109044691
Control,18.82370734957448
Control,-7.286008931552158
Control,-5.7851235922304305
Control,6.950623973655315
Control,3.7469906270811233
Control,29.861105096406824
Control,3.80331648093144
Control,-31.441493988238285
Control,21.79726665649587
Control,-3.4807780115624514
Control,3.5500364519256147
Control,-1.2324232523258973
Control,10.444235430212537
Control,25.034490089228377
Control,-12.689861540212766
Control,-0.8726468767751693
Control,-6.909947368766051
Control,-13.814155565398563
Control,5.87170926978693
Control,-4.173885201715872
Control,16.3828539619239
Control,-21.293539647362547
Control,-6.867520581889411
Control,10.849906102899896
Control,-4.186941555475174
Control,-34.019335014249094
Control,-3.093782958455052
Control,16.66557615063232
Control,16.654412312983368
Control,11.07721675902416
Control,-4.5681115242975245
Control,-2.547705466666863
Control,-0.3848187758885724
Control,6.777125247049511
Control,12.651270175384658
Control,14.556504065074895
Control,-12.841305183259296
Control,-4.366007272717736
Control,-1.7379068252609802
Control,5.649273181301588
Control,28.509134993969724
Control,12.360957888336435
Control,-32.205435154723574
Control,6.5920589053941345
Control,16.347843145877302
Control,-8.646947506562618
Control,23.966699997847087
Control,-2.761903194547365
Control,-18.834522825284065
Control,1.4502884402059295
Control,3.4137572881591254
Control,9.67842342686371
Control,-1.5517803927803522
Control,-0.28497712121665275
Control,-6.685690327027119
Control,-10.019477747723606
Control,32.094923449133034
Control,8.208345119374533
Control,29.924705108031077
Control,1.309078497086082
Control,0.3292467033585669
Control,18.146698662126436
Control,2.6076965217461523
Control,16.346729998868657
Control,-1.0774899146333492
Control,17.284482735404083
Control,14.943168983810784
Control,2.2013879496355075
Control,3.906476914417307
Control,-6.329065875829804
Control,10.235104233160614
Control,-27.144029024640503
Control,10.67828856666306
Control,-39.391983514211525
Control,-3.636950917309745
Control,33.2117773370962
Control,-18.944934544018288
Control,-30.31143418221747
Control,16.242193922205097
Control,-28.03096815783494
Control,9.497258651779847
Control,-19.877864249538746
Control,-2.2496222948365423
Control,8.607284495749047
Control,-31.169708875667656
Control,-6.099669575329876
Control,7.2951587656732375
Control,8.65300856693557
Control,1.1812418626166012
Control,-11.174796108408735
Control,-3.5942544003926087
Control,-1.6479448601255962
Control,20.215918265107753
Control,-2.232388614652185
Control,-5.867585870593921
Control,-3.1343209040933644
Control,-3.6193220009408833
Control,-8.170872140056286
Control,-14.739133555539217
Control,19.18268948974703
Control,5.727402001014509
Control,-12.290888594044949
Control,20.464829263965115
Control,-5.276952789139397
Control,-3.273656401218977
Control,-13.743708588188229
Control,-24.822457114783614
Control,4.219818384541862
Control,5.38137816993435
Control,4.558634503596544
Control,-10.982517032133961
Control,-8.041289511997558
Control,-11.234641129240599
Control,-11.306095963452503
Control,19.409610435792523
Control,-2.6698950210821284
Control,3.0476759555502637
Control,-10.389074197100953
Control,-6.7491462399378745
Control,-0.4309945891854837
Control,3.520734835802773
Control,2.521751725528863
Control,7.564269716841315
Control,10.72798479804215
Control,12.649049783197748
Control,21.74560323542638
Control,-11.988008341882242
Control,1.8377871195540028
Control,0.744150119140375
Control,5.871388954802308
Control,-4.5173131947691685
Control,-15.796019775059488
Control,29.356834418260235
Control,-12.50087433649211
Control,-10.615370043634588
Control,-1.0065288142259148
Control,-16.821094899701187
Control,11.553963260144794
Control,-7.47524509764617
Control,-15.967312855261815
Control,-24.843709861166488
Control,16.133270499556392
Control,-3.005559973768959
Control,7.578514315024796
Control,3.7688706535098504
Control,-4.492082543696229
Control,6.372186327562793
Control,-2.228595889207406
Control,0.4133466835545063
Control,-21.307894391033496
Control,15.633068159624141
Control,-42.81954681703735
Control,11.029564697629718
Control,-12.955259015801827
Control,-15.597521209434959
Control,0.3251665083837092
Control,5.001085053293531
Control,-9.582181406129223
Control,-13.573011062895784
Control,-8.341399463823096
Control,-37.888874547880576
Control,5.6783687422738165
Control,0.5282929274284895
Control,2.2505070319184157
Control,20.445126627735263
Control,6.801119766095528
Control,0.9464292392142466
Control,1.9838702521238587
Control,-5.270284670819007
Control,22.766338374319385
Control,6.624733466728291
Control,-5.018835729468423
Control,-2.779225721367622
Control,-3.8266613681802006
Control,-10.152762855644832
Control,1.8151974641416073
Control,1.5879185515108687
Control,-9.702062848541182
Control,-10.306047367316426
Control,0.9780154236629359
Control,5.048214643196445
Control,-7.336070813643424
Control,-8.323487190940316
Control,-5.179298152991473
Control,-10.898594085305156
Control,6.703990434633395
Control,-24.27592693313194
Control,20.00413868223673
Control,6.334708771253709
Control,-24.91241606798711
Control,15.534819701168882
Control,22.330136752290464
Control,7.676901213778319
Control,-7.845898918315308
Control,-18.60208529566911
Control,17.684667447553075
Control,3.8175831764596344
Control,-3.494934496202071
Control,17.945062920683565
Control,2.9033408461146233
Control,-9.694215536825556
Control,-17.173524712686763
Control,16.29249370796777
Control,-17.085334903595605
Control,11.551369321658251
Control,-17.936877901838304
Control,-22.425746131166086
Control,1.4671672716106348
Control,22.153120437098345
Control,-6.435206453715478
Control,-20.853224078224496
Control,-11.740889335075178
Control,-16.99811429972504
Control,-0.5191079244334315
Control,4.330244780777263
Control,-5.810858761740299
Control,0.2690013573629231
Control,-2.781450093828093
Control,-16.172969756616393
Control,-19.606626714891764
Control,8.190548450841048
Control,-12.783355782286955
Control,-1.6507444537555696
Control,30.48518811606472
Control,7.279361527822365
Control,4.920373127963291
Control,-11.429513286545697
Control,24.85909410676381
Control,35.03717413634155
Control,21.367582915443315
Control,7.207303344355376
Control,10.995437672045776
Control,3.425449676776015
Control,15.8943879014043
Control,21.40108818496775
Control,6.027942407792927
Control,20.872065838255473
Control,10.28954231150259
Control,5.566218251740851
Control,13.268232505514877
Control,-20.568406399621725
Control,7.2611769150197105
Control,-3.9640611363375666
Control,11.695765346609049
Control,6.3274734613232715
Control,-6.308951834980793
Control,1.3229829775121607
Control,4.729803613664404
Control,-17.041803873886014
Control,-23.552235231583463
Control,-12.529842030561436
Control,15.114168536053871
Control,-20.943775275687727
Control,-10.044017509805146
Control,21.1907487433907
Control,-3.643362225549901
Control,5.141611642774352
Control,-11.136168081096583
Control,17.86455961182582
Control,8.566674807944851
Control,6.986152123485126
Control,-7.66006851504627
Control,1.227652640900092
Control,25.766966924968493
Control,-2.33294061435746
Control,-3.524582111394945
Control,5.827380542739374
Control,14.984829253978495
Control,4.937718975784993
Control,29.296852317414704
Control,-11.323853067164713
Control,15.635280180718059
Control,7.547777858265251
Control,-16.09853967620753
Control,4.251305883218901
Control,-17.457441202786192
Control,3.6801634603154874
Control,-24.202423390228454
Control,-23.105437598022565
Control,6.913927228931987
Control,46.8885059428268
Control,-7.1090874822182375
Control,-9.267238892523462
Control,-5.507781192313964
Control,-7.4807312781642334
Control,1.833758163917619
Control,-18.377117109877403
Control,-20.87893780869406
Control,6.963727488995111
Control,-11.378648150236005
Control,-9.09989459143965
Control,-7.4386697957881305
Control,-6.566972852666507
Control,-6.790229382622938
Control,0.9280788308285044
Control,15.768082233235074
Control,4.111241781403447
Control,12.87695449227421
Control,4.395152915624585
Control,-8.086606698399386
Control,-14.054327610923611
Control,2.287205494349035
Control,-22.332517339954297
Control,1.0644281947267564
Control,-3.7660436778976147
Control,-2.821254835620901
Control,-2.803681531699124
Control,-18.987913754419843
Control,1.5530599586901301
Control,-1.194777075252428
Control,8.235897838399538
Control,1.6011260620037442
Control,4.44528538431699
Control,14.29654556268528
Control,-32.57081327039056
Control,1.626967183629458
Control,-1.0483026557962185
Control,2.982324808098678
Control,-15.494244587830002
Control,25.61172610434515
Control,-22.616556095477076
Control,25.527480749058608
Control,20.04785642745455
Control,6.150621102822327
Control,29.258545055243264
Control,11.473132180593261
Control,6.660000478225545
Control,1.725399579375754
Control,-15.95596948162556
Control,-13.947102410511393
Control,22.936393724735805
Control,15.606645325638937
Control,9.781859761825885
Control,-6.415968046108222
Control,-3.4885682104578093
Control,-11.774647518300462
Control,2.656913997243595
Control,12.523906918392862
Control,-12.387925802501407
Control,24.343696693195387
Control,3.2452856117631965
Control,20.8577143193948
Control,11.38128812396732
Control,12.379280668556408
Control,-15.218212193132741
Control,13.552289869284175
Control,35.54592290456933
Control,7.457771209143321
Control,-17.915051942541528
Control,12.193386703673655
Control,18.575944194950573
Control,-11.04245115815599
Control,-24.565689464420107
Control,-30.090484332687044
Control,22.13331804046005
Control,16.418100416823236
Control,4.4777396550822015
Control,24.610199027563183
Control,13.81198247604305
Control,19.75705489244937
Control,10.576056518325151
Control,-0.016944439708800663
Control,-0.4433818367324378
Control,-8.702900379032958
Control,-12.398007510085378
Control,9.94886218656888
Control,3.587134513593945
Control,1.571819194009855
Control,3.2209052010872856
Control,13.953639118297941
Control,5.7905856017326345
Control,2.5195533454176364
Control,-7.156646874125918
Control,9.278574564883307
Control,-10.368347653788055
Control,-14.572624841089977
Control,20.88906039625006
Control,9.820253042929025
Control,7.5292674376185715
Control,9.715698313382742
Control,1.098738365615707
Control,19.565713080201554
Control,3.796744050457904
Control,3.9230431154772996
Control,-10.066983635409864
Control,0.4277229277163159
Control,19.914311136886525
Control,2.353768159414516
Control,-3.729015248122031
Control,8.40741752959277
Control,-30.632476172442676
Control,15.13851598252245
Control,-33.18497659675812
Control,-1.2838341524049421
Control,-12.052268604409521
Control,-17.857593649505397
Control,-2.6024907476439587
Control,19.05221547747433
Control,15.550596296299595
Control,9.963775857737048
Control,-3.48355782423064
Control,-3.6369067309235033
Control,-7.625654636654322
Control,9.442132666951224
Control,10.87267851454358
Control,-15.296577926272294
Control,11.005352923520098
Control,21.661444456434126
Control,-2.1898412484004695
Control,11.149392723042657
Control,11.040193182162763
Control,-10.59297573479694
Control,-8.416786751991623
Control,0.7211759127387556
Control,-5.582604606258063
Control,6.365746137881484
Control,-7.043293122979124
Control,0.9480948806293974
Control,29.036084546200804
Control,-6.037213923359482
Control,36.12522588289556
Control,-11.811141323852034
Control,35.220995878158504
Control,-3.082058821078956
Control,-15.03761564360387
Control,-4.6550053258716835
Control,-21.091413831046314
Control,-7.535475508176364
Control,-5.307211667919366
Control,23.53237276108923
Control,8.688693008864062
Control,14.716111387347198
Control,9.304352299509969
Control,-1.335606848574727
Control,-2.995508166407167
Control,-24.23354010888431
Control,-6.655878851341076
Control,-20.79820380795978
Control,-6.003570833062252
Control,2.922011073885291
Control,26.40201084404446
Control,1.0092293947250228
Control,-35.432833145051134
Control,1.528826116613211
Control,18.605570349351776
Control,11.738726355443944
Control,16.344766382654523
Control,23.268098248137747
Control,-16.957403579482925
Control,-31.65890711592096
Control,-3.412603205541821
Control,8.872201343650458
Control,-8.06835943653699
Control,-15.841306577281632
Control,-0.8704861987822589
Control,-1.225698096145568
Control,10.078649305477038
Control,-3.8419596192733585
Control,-7.651129478677138
Control,0.4211969265930644
Control,-8.04640197934205
Control,-30.21843214785218
Control,-3.638166133134332
Control,21.53438329755943
Control,19.42603297897966
Control,1.9517263816854058
Control,-8.136352467387328
Control,8.382739393574669
Control,-8.122943372742606
Control,12.13475797727976
Control,-14.526462392149792
Control,31.75736825025698
Control,-2.991638679405124
Control,1.7743604644070077
Control,19.693496216134644
Control,-9.426533030096833
Control,-1.2363898326471798
Control,21.359770562956523
Control,18.102764834679554
Control,16.34889580209004
Control,18.981650525684298
Control,-17.719585854107837
Control,-13.167162359863209
Control,24.06256470605857
Control,-5.135950826439399
Control,-12.979698184211681
Control,-5.883147237495283
Control,-16.281413254942105
Control,0.2758112155107315
Control,23.538961653376717
Control,-2.1985377128163828
Control,20.843541301502494
Control,-24.387090999117913
Control,4.039882898404114
Control,-27.4823464838443
Control,9.491408948360345
Control,2.9856231714996055
Control,-10.64875623693383
Control,-2.0157280626819545
Control,-11.923473561650056
Control,7.253940758733544
